index,Escherichia-Shigella,Collinsella,Agathobacter,Bacteroides,Blautia,Phascolarctobacterium,Prevotella 9,Akkermansia,Faecalibacterium,Methanobrevibacter,Subdoligranulum,Dorea,Bifidobacterium,Christensenellaceae R-7 group,Ruminococcus 2,Fusicatenibacter,[Eubacterium] coprostanoligenes group,Enterobacteriaceae,Dialister,Streptococcus,Ruminococcaceae UCG-002,[Eubacterium] hallii group,Ruminococcus 1,Veillonella,Anaerostipes,Megasphaera,[Ruminococcus] torques group,Haemophilus,Coprococcus 3,Roseburia,Lachnospiraceae,Megamonas,Erysipelotrichaceae UCG-003,Alistipes,Ruminococcaceae NK4A214 group,Ruminococcaceae UCG-013,Clostridium sensu stricto 1,Parabacteroides,Clostridiales,Prevotella 7,Senegalimassilia,Romboutsia,Enterorhabdus,Parasutterella,Slackia,Enterococcus,Lactobacillus,[Eubacterium] ruminantium group,[Ruminococcus] gauvreauii group,Ruminococcaceae UCG-014,Ruminococcaceae UCG-005,Coprococcus 2,CAG-56,Paraprevotella,Coprococcus 1,[Eubacterium] eligens group,Catenibacterium,Lachnospiraceae NK4A136 group,Ruminococcaceae UCG-003,Ruminiclostridium 6,Holdemanella,Ruminiclostridium 5,Ruminococcaceae,Butyricicoccus,Lachnoclostridium,Ruminococcaceae_uncultured,Odoribacter,[Ruminococcus] gnavus group,Intestinibacter,[Eubacterium] xylanophilum group,Acidaminococcus,Lachnospiraceae ND3007 group,Lachnospira,Muribaculaceae_uncultured Porphyromonadaceae bacterium,[Eubacterium] ventriosum group,Weissella,Turicibacter,Alloprevotella,uncultured bacterium,metagenome,Bilophila,Saccharimonadaceae_TM7 phylum sp. oral clone DR034,Lachnospiraceae_uncultured,Ruminococcaceae_UBA1819,Adlercreutzia,Gordonibacter,Desulfovibrio,Clostridiales_Family XIII,Eggerthellaceae_uncultured,Barnesiella,Gastranaerophilales_uncultured bacterium,Methanosphaera,Flavonifractor,Gastranaerophilales,Actinomyces,Terrisporobacter,Mollicutes RF39,Chloroplast,Lachnospiraceae UCG-001,Marvinbryantia,Howardella,Sarcina,Tyzzerella 3,Lachnospiraceae NK3A20 group,Mollicutes RF39_gut metagenome,Ruminococcaceae UCG-010,Oscillibacter,Lachnospiraceae FCS020 group,Negativibacillus,Mollicutes RF39_metagenome,Butyrivibrio,Sutterella,Ruminococcaceae UCG-004,Lachnospiraceae UCG-010,Lactococcus,Prevotella 2,Eggerthella,Coriobacteriales Incertae Sedis_uncultured,Tyzzerella 4,Allisonella,Prevotellaceae NK3B31 group,Christensenellaceae,Candidatus Melainabacteria bacterium MEL.A1,Bacteroidales_uncultured bacterium,Pasteurellaceae,Clostridium sp. CAG:306,Atopobiaceae_Libanicoccus,Ruminiclostridium 9,Tyzzerella,[Bacteroides] pectinophilus group,Mogibacterium,Lachnospiraceae UCG-003,Mitsuokella,Moryella,Gemella,Muribaculaceae,Atopobiaceae_uncultured,Prevotellaceae_uncultured,GCA-900066575,Peptococcaceae_uncultured,Mitochondria,Ruminococcaceae_CAG-352,Lachnospiraceae NK4B4 group,Erysipelatoclostridium,Saccharimonadaceae,Faecalitalea,Lachnospiraceae UCG-004,Solobacterium,Family XIII UCG-001,Eisenbergiella,Azospirillum sp. 47_25,Rikenellaceae RC9 gut group,Lachnospiraceae UCG-008,DTU089,Family XIII AD3011 group,Muribaculaceae_uncultured bacterium,Mollicutes RF39_uncultured organism,Rhodospirillales_uncultured,Burkholderiaceae,Coprobacter,Ezakiella,Granulicatella,Fournierella,Peptococcus,Coriobacteriales,Porphyromonas,Butyricimonas,Ruminococcaceae UCG-008,Mollicutes RF39_uncultured Lachnospiraceae bacterium,Erysipelotrichaceae_[Clostridium] innocuum group,Acetitomaculum,TM7 phylum sp. oral clone FR058,Muribaculaceae_CAG-873,Rothia,Eggerthellaceae_CHKCI002,Muribaculaceae_uncultured organism,Fusobacterium,Hungatella,metagenome,Peptoniphilus,Prevotella 6,Abiotrophia,Angelakisella,Prevotella,Rhodospirillales_gut metagenome,Family XIII_[Eubacterium] brachy group,Intestinimonas,Atopobium,Elusimicrobium,uncultured Thermoanaerobacterales bacterium,Prevotellaceae UCG-003,Anaerotruncus,Actinobacillus,uncultured Erysipelotrichaceae bacterium,Ruminococcaceae UCG-009,uncultured bacterium adhufec202,Erysipelotrichaceae UCG-006,Eubacterium,[Eubacterium] fissicatena group,Selenomonas,Sellimonas,Veillonellaceae_uncultured,Holdemania,Coriobacteriales_uncultured bacterium,Cloacibacillus,Succinivibrio,Leuconostoc,Anaeroplasma,Flavobacteriaceae_uncultured,Defluviitaleaceae UCG-011,Barnesiellaceae_uncultured,Vagococcus,Candidatus Saccharibacteria bacterium UB2523,Coprobacillus,Mollicutes RF39_uncultured prokaryote,Finegoldia,Anaerococcus,Bacteroidales_uncultured,Muribaculaceae_gut metagenome,Desulfovibrionaceae_uncultured,Pyramidobacter,Scardovia,unidentified rumen bacterium RF39,Enorma,Erysipelotrichaceae_uncultured,Catabacter,Prevotellaceae UCG-004,Atopobiaceae,Leptotrichia,Murdochiella,Raoultibacter,GCA-900066225,Hafnia-Obesumbacterium,uncultured bacterium oral clone BE109,Bifidobacteriaceae_Alloscardovia,Fastidiosipila,Olsenella,Clostridia,Anaerofilum,Christensenellaceae_uncultured,Parvimonas,Dielma,Pseudomonas,Gardnerella,Ruminiclostridium,Prevotellaceae,Cetobacterium,Pseudoflavonifractor,Prevotellaceae UCG-001,Anaerofustis,Clostridiales vadinBB60 group_gut metagenome,Lachnospiraceae_UC5-1-2E3,Morganella,Mitochondria_uncultured bacterium,TM7 phylum sp. canine oral taxon 308,Varibaculum,Phocea,Lachnospiraceae_GCA-900066755,[Eubacterium] nodatum group,Unassigned,Corynebacterium,Pediococcus,Candidatus Soleaferrea,Oribacterium,Clostridiales vadinBB60 group,Caproiciproducens,Clostridiales vadinBB60 group_uncultured bacterium,Parvibacter,Sanguibacteroides,Arcanobacterium,Saccharimonadaceae_uncultured bacterium oral clone BS003,Mollicutes RF39_uncultured Mollicutes bacterium,Delftia,Treponema 2,Eggerthellaceae,Peptostreptococcaceae,Erysipelotrichaceae,Aggregatibacter,Rikenella,Providencia,Gallicola,S5-A14a,Actinomycetaceae_F0332,Neisseria,Rhizobiaceae,Anaerobiospirillum,Veillonellaceae,Lactonifactor,Peptostreptococcus,Victivallis,Ruminiclostridium 1,TM7 bacterium human oral taxon HOT-869,Arcobacter,Clostridiales vadinBB60 group_uncultured organism,Corynebacterium 1,Hydrogenoanaerobacterium,Bacteria,Anoxybacillus,Pseudoxanthomonas,Muribaculaceae_uncultured rumen bacterium,Asteroleplasma,Puniceicoccaceae_uncultured,Selenomonas 3,Saccharimonadales,Clostridioides,Staphylococcus,Bosea,Izimaplasmatales_gut metagenome,Hymenobacter,Shuttleworthia,Ruminococcaceae UCG-007,Enterobacteriaceae_Proteus,Chryseobacterium,Paeniclostridium,Oscillospira,Shinella,Denitrobacterium,Negativicoccus,Anaeroglobus,Candidatus Stoquefichus,Sneathia,Izimaplasmatales_uncultured organism,Puniceicoccaceae,Pantoea,Coriobacteriaceae UCG-003,Candidatus Saccharimonas,Cryptobacterium,Mobiluncus,Allorhizobium-Neorhizobium-Pararhizobium-Rhizobium,Saccharimonadaceae_uncultured bacterium,Campylobacter,Erysipelotrichaceae UCG-004,Propionibacterium,Intrasporangiaceae,Stenotrophomonas,Bifidobacteriaceae,Acinetobacter,Cutibacterium,Aerococcus,Brevundimonas,Harryflintia,Bacteroidales bacterium 59,Lawsonella,Serratia,Pseudopropionibacterium,Johnsonella,Micrococcaceae,Eggerthellaceae_DNF00809,[Eubacterium] saphenum group,Kocuria,Clostridiales bacterium enrichment culture clone 06-1235251-67,Lachnoanaerobaculum,Family XI_W5053,uncultured Candidatus Saccharibacteria bacterium,vadinBE97;__,Sphingopyxis,Phocaeicola,Faecalicoccus,Stomatobaculum,Sphingomonas,Massilia,Rhodospirillales_uncultured bacterium,Bacteroidales,Ochrobactrum,Macrococcus,Mollicutes RF39_unidentified,vadinBE97_uncultured rumen bacterium,Geobacillus,Acholeplasmatales bacterium canine oral taxon 375,Paraeggerthella,Merdibacter,Fructobacillus,Alphaproteobacteria,P3OB-42_uncultured bacterium,Leptotrichiaceae,Acetanaerobacterium,Bacillus,Sphingobacterium,Ensifer,Cardiobacterium,Lactobacillales,Fretibacterium,Firmicutes,Facklamia,Desulfobulbus,Thermoactinomycetaceae,Rhodobacteraceae,Paracoccus,Vermiphilaceae,Porphyromonadaceae bacterium C941,Lautropia,Sphingobium,Propioniciclava,Microbacterium,Nitrososphaeraceae,Flexilinea,Sporobacter,Pygmaiobacter,Selenomonas 4,Acidaminococcaceae,Neisseriaceae,Victivallaceae_uncultured organism,Exiguobacterium,Glutamicibacter,Family XIII_uncultured,Robinsoniella,Virgisporangium,Aerococcaceae,Acetobacter,Microbacteriaceae,Clostridium sensu stricto 2,Proteobacteria,Actinomycetaceae_uncultured,Pirellulaceae_Pir4 lineage,Flavobacterium,Tropheryma,Bulleidia,Methanomethylophilaceae_uncultured,Cellulosimicrobium,Mailhella,Propionibacteriaceae_uncultured,Succiniclasticum,Enhydrobacter,Marmoricola,Rhodococcus,JG30-KF-CM45_uncultured bacterium,Porphyrobacter,Dermabacter,Pseudoclavibacter,Cloacibacterium,Nanoarchaeaeota,Archaea,Psychrobacter,Streptomyces,Gammaproteobacteria,Candidatus Methanogranum,Jonquetella,Eikenella,Luteimonas,Pseudoramibacter,Deinococcus,Marinifilaceae,Actinobacteria,Selenomonadales,Victivallaceae_uncultured bacterium,Vermiphilaceae_uncultured bacterium,Bacteroidia,Methylobacterium,Propionimicrobium,status
sample-106,765,6286,9212,12869,5817,1160,17,1292,2646,0,1409,1692,1965,1119,4310,1073,1964,16,0,41,5140,441,1735,38,900,0,1716,78,609,675,2227,0,393,665,92,1070,1215,130,358,6,3508,273,234,80,650,0,0,0,344,12471,1739,690,201,981,214,36,0,0,74,77,372,35,425,79,118,425,83,0,89,152,0,31,24,0,57,0,808,0,68,0,0,28,147,14,35,312,0,75,81,35,310,0,10,91,48,35,913,17,0,165,31,0,21,0,26,743,200,15,33,341,78,26,0,34,0,213,0,11,0,43,0,56,0,0,0,0,0,35,0,0,0,11,0,18,6,0,70,0,15,87,6,148,98,0,15,0,18,16,28,0,0,0,7,0,136,0,0,0,0,8,0,0,11,45,0,0,77,0,0,0,0,5,0,0,0,0,0,0,104,0,0,0,0,0,42,0,0,0,941,0,0,0,0,0,69,301,0,0,0,0,0,0,0,0,0,0,0,0,13,0,0,0,0,0,0,0,0,0,0,11,0,0,0,0,0,0,0,0,0,0,0,0,0,0,0,0,0,0,0,0,0,0,0,0,0,0,0,0,0,0,7,0,0,0,0,0,0,0,0,0,0,0,0,0,0,0,62,0,24,0,0,0,0,0,0,0,0,0,3,0,0,0,0,0,0,0,0,0,0,0,0,0,0,0,0,0,0,0,0,0,0,2,0,0,0,0,0,0,0,0,0,0,0,0,0,0,0,0,0,0,0,0,0,0,0,0,0,0,0,0,0,0,0,0,0,0,0,0,0,0,0,16,0,0,0,0,0,0,0,0,0,0,0,0,0,0,0,0,0,0,0,0,0,0,0,0,0,3,0,0,0,0,0,0,0,0,0,0,0,0,0,0,0,0,0,0,0,0,0,0,0,0,0,0,0,0,0,0,0,0,0,0,0,0,0,0,0,0,0,0,0,0,0,0,0,0,0,0,0,0,0,0,0,0,0,0,0,0,0,0,0,0,0,0,0,0,0,0,0,0,0,0,0,0,0,0,0,0,0,0
sample-109,1889,640,6049,4080,5328,123,6423,145,5860,0,712,1451,768,190,462,778,221,3603,5253,3689,1194,593,752,1625,398,14,840,841,515,3931,2206,0,93,443,117,151,66,644,0,0,0,225,55,0,23,1294,148,179,369,376,143,1437,181,743,101,328,0,480,163,96,209,701,0,129,63,70,100,0,43,458,0,128,113,0,90,347,13,457,0,766,98,15,32,14,334,133,0,63,0,510,379,0,13,0,63,17,9,0,0,97,0,0,0,0,0,89,43,105,133,0,0,31,0,20,2046,0,22,0,0,0,0,0,0,0,9,0,0,0,0,0,5,0,24,18,23,0,163,0,0,0,0,0,0,0,0,0,0,0,0,0,0,0,27,0,6,0,0,0,0,0,0,30,0,0,0,0,16,0,0,0,0,9,0,5,0,0,97,0,0,3,0,0,0,0,0,14,0,0,0,0,0,0,0,0,0,0,0,0,6,27,0,0,0,0,0,18,0,0,0,0,0,48,0,0,0,0,0,0,0,0,0,4,0,0,0,0,0,0,4,0,0,0,0,0,0,0,0,0,0,0,0,0,0,0,0,0,0,0,0,0,0,0,0,0,0,0,0,0,0,0,8,0,0,0,0,0,0,0,0,0,0,0,0,0,0,0,0,0,0,0,0,0,5,0,0,0,0,0,0,0,0,4,0,0,0,0,0,0,0,0,0,0,0,0,0,7,0,0,0,0,0,0,0,0,0,0,0,0,0,0,0,0,0,0,0,0,0,0,0,0,0,0,0,0,0,0,0,0,0,0,0,0,0,0,2,0,0,0,0,0,0,0,0,0,0,0,0,0,0,0,0,0,0,0,0,0,0,0,0,0,0,0,0,0,0,0,0,0,0,0,0,0,0,0,0,0,0,0,0,0,0,0,0,0,0,0,0,0,4,0,0,0,0,0,0,0,0,0,0,0,0,0,0,0,0,0,0,0,0,0,0,0,0,0,0,0,0,0,0,0,0,0,0,0,0,0,0,0,2,0,0,0,0,0,0,0,0,0,0,0
sample-125,2585,0,506,7952,8787,378,3,0,10352,0,2683,3287,0,334,8186,1391,2334,213,0,1940,1404,2426,0,650,3296,0,3227,1155,1072,1492,2380,0,36,283,7,1347,0,146,24,0,0,0,171,0,6685,0,271,0,376,0,130,0,51,0,343,0,0,629,74,153,303,147,289,551,113,112,36,163,0,11,0,0,0,0,26,0,0,0,0,0,0,76,166,67,871,231,0,71,0,246,0,0,36,0,281,0,0,127,14,0,0,20,464,0,0,0,10,53,47,0,0,0,0,138,0,0,662,344,107,0,0,4,0,0,0,0,0,0,0,0,3,0,0,30,13,0,0,0,33,4,14,0,0,39,8,0,0,0,126,51,0,0,0,0,66,0,0,0,0,0,0,0,11,0,0,0,35,0,0,9,0,122,0,150,0,0,0,0,0,0,0,0,37,0,0,6,0,5,0,0,0,0,0,0,0,0,0,2,35,0,0,0,5,0,0,0,0,0,0,4,0,0,5,13,0,0,0,0,0,38,0,0,0,3,0,0,0,0,0,0,0,0,0,0,0,0,0,4,9,0,0,7,0,0,0,0,0,0,0,0,0,6,0,0,0,0,0,0,0,0,0,0,11,0,0,0,0,0,0,0,0,0,0,0,0,0,0,0,4,0,0,0,0,0,0,0,0,0,0,0,0,0,0,0,0,0,0,0,0,0,0,0,0,12,0,0,0,0,0,0,0,0,0,0,0,0,0,0,0,0,0,0,0,0,0,0,0,0,0,0,0,0,0,0,0,0,0,0,0,0,0,0,0,0,2,0,0,0,0,0,0,0,0,0,0,0,0,0,0,0,0,0,0,0,0,0,0,0,0,0,0,0,0,0,0,0,7,0,0,0,0,0,0,0,0,0,0,0,0,0,0,0,0,0,0,0,0,0,0,0,0,0,0,0,0,0,0,0,0,0,0,0,0,0,0,0,0,0,0,0,0,0,0,0,0,0,0,0,0,0,0,0,0,0,0,0,0,0,0,0,0,0,0,0,0,0,0,0,0,0
sample-127,1421,23728,4303,1534,12373,5836,4325,0,9529,0,4945,7744,460,1468,24,405,631,0,3466,707,361,1875,25,42,475,5194,11072,90,3416,587,1986,0,311,345,6,6,22,315,0,2617,4694,0,874,168,1856,5512,1287,0,659,0,37,0,92,167,52,13,4939,0,334,60,3041,66,18,1115,333,11,79,0,0,0,0,228,0,0,0,169,26,1947,0,1067,0,33,337,29,0,17,2930,102,54,0,0,0,232,0,234,0,0,0,0,143,221,0,0,0,0,0,31,106,0,0,0,4,249,27,209,1312,0,0,0,376,44,0,0,65,0,0,367,46,0,0,1267,0,123,0,25,0,0,229,11,0,0,0,0,0,0,0,0,4,23,0,0,0,0,0,55,0,0,0,58,0,0,104,23,1447,0,0,85,0,0,3,0,0,0,41,0,0,0,0,0,0,0,29,0,0,0,0,0,10,0,0,0,0,0,0,33,0,19,12,0,0,0,0,5,0,0,0,199,0,0,0,0,0,0,0,0,9,0,0,0,0,0,4,0,0,0,8,4,0,0,0,0,0,0,0,0,0,0,0,0,0,4,0,0,0,0,0,0,0,0,0,9,0,0,0,0,0,6,0,0,0,12,19,24,25,0,0,0,0,0,0,0,0,0,0,0,0,0,0,0,0,0,0,12,0,0,0,0,0,8,0,0,0,0,0,0,0,0,0,0,0,0,0,0,0,0,0,0,0,0,0,0,0,0,0,0,0,0,0,0,0,0,0,0,0,0,0,0,0,0,5,0,0,0,0,0,0,0,0,0,0,0,0,0,0,0,0,0,0,4,17,0,0,0,0,0,0,0,0,0,0,0,0,0,0,0,0,0,0,0,0,0,0,0,0,0,0,0,0,0,0,0,0,2,0,0,0,0,0,0,0,0,0,0,0,0,0,0,0,0,0,0,0,0,0,0,0,0,0,0,0,0,0,0,0,0,0,0,0,0,0,0,0,0,0,0,0,0,0,0,0,0,0,0,0,0,0,0,0,0,0,0,0,0,0,0,0,0,0,0,0
sample-128,257,16947,3947,22,15698,14,145,0,1179,85,3892,7790,134,1389,1257,313,559,2,52,383,36,3035,156,0,668,0,1662,4,445,150,1179,0,165,4,8,127,437,0,0,6,768,1162,165,0,854,39,73,0,82,684,138,65,6,3,199,57,7091,0,0,0,4106,55,659,231,0,0,0,0,21,0,19,119,0,0,0,153,124,38,0,0,0,0,293,0,164,432,31,400,0,0,0,0,0,11,27,7,0,394,15,871,41,0,0,0,3,0,0,102,14,0,0,0,0,0,0,33,0,181,0,0,0,0,200,0,0,0,0,120,0,0,0,0,0,15,21,0,15,3,0,14,45,0,0,5,43,0,0,0,0,0,0,0,0,0,23,0,0,0,0,0,0,0,0,0,0,0,0,0,0,0,0,0,0,10,0,0,0,0,0,0,0,0,0,0,0,0,0,7,0,0,0,0,0,0,0,0,0,5,0,0,0,0,4,0,0,0,4,0,0,0,0,0,0,0,0,0,0,0,0,0,0,5,0,0,0,0,0,0,0,0,6,0,0,0,0,0,0,0,0,0,0,0,0,0,0,0,0,0,0,0,0,0,0,0,0,0,0,0,0,6,4,0,0,0,0,0,0,27,0,0,0,0,0,0,0,7,12,0,0,0,0,0,0,0,0,0,0,0,0,0,0,0,0,0,0,0,0,0,0,0,0,0,0,0,0,0,0,0,0,0,0,0,0,0,0,0,0,0,0,0,0,0,0,0,0,0,0,0,0,0,0,0,0,0,0,0,0,0,0,0,0,0,0,0,0,0,0,0,0,0,0,0,0,0,0,0,0,0,0,0,0,0,0,0,0,0,0,0,0,0,0,0,0,0,0,0,0,0,0,0,0,0,0,0,0,0,0,0,0,0,0,0,0,0,0,0,0,0,0,0,0,0,0,0,0,0,0,0,0,0,0,0,0,0,0,0,0,0,0,0,0,0,0,0,0,0,0,0,0,0,0,0,0,0,0,0,0,0,0,0,0,0,0,0,0,0,0,0,0,0
sample-129,1438,13168,6303,805,14310,17773,1757,428,483,5,3419,9861,596,294,184,2473,604,0,195,5400,130,2105,299,10,1364,0,3498,0,3184,516,728,0,2602,51,5,52,6675,187,31,9,0,2500,0,0,0,24,1191,0,1717,204,28,27,272,23,97,24,0,85,17,0,0,622,0,536,466,0,0,0,66,0,0,299,29,0,0,0,407,0,99,44,0,131,487,18,0,31,0,134,0,0,0,0,0,0,329,17,27,8,0,302,0,0,0,0,0,0,5,331,38,0,0,182,0,0,30,520,0,36,0,96,0,0,0,0,0,0,1248,0,0,0,62,0,0,73,72,0,0,0,0,0,0,0,0,62,223,0,0,29,0,0,0,0,0,0,123,0,0,0,0,0,1514,0,0,25,0,2409,0,0,0,0,0,0,0,45,0,0,0,0,0,2517,10,0,0,29,0,4,0,19,0,0,0,0,0,0,0,0,0,0,0,0,0,0,0,0,0,0,38,0,0,0,0,0,94,0,0,232,1082,0,0,0,0,7,0,0,0,0,0,0,0,349,0,0,0,0,0,587,0,0,0,0,0,0,0,0,0,0,0,0,0,0,0,0,0,0,0,187,0,0,12,0,0,0,0,0,0,0,0,0,0,14,0,0,0,0,0,0,0,0,0,0,151,127,44,0,0,0,0,0,0,0,0,0,0,0,117,0,0,0,0,0,0,0,0,0,0,0,0,0,0,0,0,0,0,0,0,0,0,69,0,0,0,0,0,0,0,0,0,0,0,0,0,0,4,0,0,0,0,0,0,0,0,0,10,0,0,21,0,0,0,0,0,0,21,0,0,0,0,0,0,0,0,0,0,0,0,0,0,0,0,0,0,0,0,0,0,0,0,0,0,0,0,0,0,10,0,0,0,0,0,0,0,0,0,0,0,0,0,0,0,0,0,0,0,0,0,0,0,5,0,0,0,0,0,0,0,0,0,0,0,0,0,0,0,0,0,0,0,0,0,0,0,0,0,0,0,0,0,0,0,0,0,0,0,0,0,0,0,0,0,0
sample-131,1253,7686,298,11325,3244,27,1913,7076,1461,1166,459,1246,45,1014,1623,150,884,33,347,7788,3741,645,406,16,213,0,427,0,381,233,453,0,35,504,404,210,32,300,19,83,657,0,2215,0,478,15,3596,129,426,296,706,286,34,32,181,41,326,62,173,139,44,110,217,0,0,437,98,0,0,10,0,12,3,2173,0,164,0,0,51,1415,0,0,15,24,14,8,191,61,31,0,0,0,0,0,10,0,69,21,0,404,73,0,0,0,14,183,65,108,31,7,0,133,126,38,0,845,0,0,0,5,8,0,15,0,0,0,0,110,0,17,181,0,0,0,0,0,86,175,0,72,5,0,43,64,0,0,0,39,3,5,0,0,0,0,110,0,0,0,0,0,0,0,0,0,0,6,300,277,0,0,0,0,0,0,0,0,0,184,35,0,0,0,0,21,0,0,0,0,0,0,19,2,0,0,4,0,0,3,0,0,0,0,0,0,0,14,0,0,0,0,0,0,0,9,0,0,0,0,0,0,0,0,0,0,0,0,0,78,0,0,6,4,0,0,0,0,0,0,0,0,0,0,0,0,0,0,0,0,0,0,15,0,0,0,0,0,0,0,0,0,3,0,0,2,0,0,2,0,10,0,0,0,0,0,0,0,0,0,0,0,0,2,2,0,0,112,0,0,0,2,0,0,0,0,0,0,0,0,0,0,0,0,0,0,0,0,0,0,0,0,0,0,0,0,0,0,0,0,0,0,0,0,0,0,0,0,0,0,0,0,0,0,0,0,0,0,0,0,0,0,0,0,0,0,0,0,0,0,0,0,0,0,0,0,0,0,0,0,0,0,0,0,0,0,0,3,0,0,0,0,0,0,0,0,0,0,0,0,0,0,0,0,0,0,0,0,0,0,0,0,0,0,0,0,0,0,0,0,0,0,0,0,0,0,0,0,0,0,0,0,0,0,0,0,0,0,0,0,0,0,0,0,0,0,0,0,0,0,0,0,0,0,0,0,0,0,0,0,0,0,0,0,0,0,0,0,0,0,0,0
sample-132,503,5354,5667,765,15688,15,0,183,2597,0,3013,5023,9504,839,1082,947,785,0,13,37,72,3080,148,23,1456,0,219,0,1665,311,1841,0,1785,22,27,308,0,19,3,0,0,148,40,0,877,0,0,0,1610,793,0,845,713,0,467,0,0,106,6,77,0,176,265,1689,36,9,20,119,0,0,0,0,21,0,18,0,0,0,0,0,0,68,251,113,605,447,0,122,0,0,0,0,21,0,71,0,11,18,0,240,0,0,1241,0,0,0,5,70,0,0,0,0,0,0,0,0,32,0,0,0,0,5,0,0,0,5,0,0,0,0,6,0,0,41,4,0,296,0,8,0,0,0,0,0,19,37,0,4,0,10,0,0,0,0,62,0,0,0,0,0,0,0,0,0,0,0,15,0,0,0,0,76,0,0,0,0,0,0,0,0,0,0,0,0,54,4,0,0,0,0,0,0,0,0,0,0,0,0,9,0,0,0,3,0,0,0,0,0,0,8,0,0,0,0,0,0,2,0,0,0,0,0,0,0,0,0,0,0,0,0,38,0,0,0,0,0,0,0,0,0,0,0,0,0,0,0,0,0,0,35,0,0,0,0,0,0,0,0,0,0,6,0,0,0,0,0,0,0,0,0,0,0,0,0,0,0,0,0,0,0,0,0,0,0,0,0,0,8,0,0,0,0,0,0,0,0,0,0,0,0,0,0,0,0,0,0,0,0,0,0,0,0,0,0,0,0,0,0,0,0,0,0,0,0,0,3,0,0,0,0,0,0,0,0,0,0,0,0,0,0,0,0,0,0,2,0,0,0,0,0,0,0,0,0,0,0,0,0,0,0,0,0,0,0,0,0,0,0,0,0,0,0,0,0,0,0,0,0,0,0,0,0,0,0,0,0,0,0,0,0,0,0,0,0,0,0,0,0,0,0,0,0,0,0,0,0,0,0,0,0,0,0,0,0,0,0,0,0,0,0,0,0,0,0,0,0,0,0,0,0,0,0,0,0,0,0,0,0,0,0,0,0,0,0,0,0,0,0,0,0
sample-135,3007,6354,3858,3760,1801,38,23632,127,6073,0,1039,515,2555,881,733,268,1398,20,544,1232,2285,490,679,18900,76,26,468,148,496,673,1957,0,13,697,907,796,0,66,81,0,370,0,47,0,149,35,33484,1068,41,855,1075,79,91,0,113,664,0,52,304,126,0,109,79,116,62,135,448,0,0,14,1873,25,202,0,7,17,0,0,45,0,9,45,107,0,0,6,0,28,9,87,0,0,0,25,203,0,213,15,0,115,19,0,0,0,0,136,16,53,0,0,277,14,48,59,9,0,0,0,0,39,0,0,0,0,0,0,0,47,0,0,11,0,14,11,9,0,48,0,14,48,0,0,40,0,6,0,0,0,25,0,0,0,0,0,17,0,0,0,5,7,0,29,0,2,243,0,50,0,0,0,0,5,0,24,0,0,0,0,0,0,0,0,0,3,0,0,0,20,0,0,936,0,0,0,0,20,0,0,0,0,0,0,0,0,0,0,0,0,20,0,0,0,0,0,0,0,0,0,0,0,0,0,0,0,0,0,0,0,2,0,0,0,0,0,0,0,34,0,0,0,0,0,3,0,0,0,0,0,0,0,104,0,0,0,6,0,0,0,0,2,0,0,0,0,0,0,31,0,0,0,0,0,0,0,0,0,0,0,0,0,0,0,0,0,0,0,0,0,0,2,5,0,0,0,0,0,2,0,0,0,0,0,13,0,0,0,0,0,0,0,0,0,0,0,0,0,0,0,0,0,0,0,0,0,0,0,0,0,0,0,0,2,0,0,0,0,0,0,0,0,0,0,0,0,0,0,0,0,0,0,0,0,0,0,0,0,0,2,2,0,0,0,0,0,0,0,0,0,0,0,0,0,0,0,0,0,0,0,0,0,0,2,2,0,0,0,0,0,0,0,0,0,0,0,0,0,0,0,5,0,0,0,0,0,0,0,0,0,0,0,0,0,0,0,0,0,0,0,0,0,0,0,0,0,0,0,0,0,0,0,0,0,0,0,0,0,0,0,0,0,0,0,0,0,0,0,0,0,0,0
sample-137,5994,4922,10535,15976,2706,17881,8,10755,2446,0,1684,1199,1842,9912,8597,1450,2410,5789,198,32,5441,367,1043,1124,932,0,591,524,391,290,578,0,117,4216,1190,411,1198,206,74,0,0,891,123,287,1915,12,0,0,155,3548,802,112,9,0,344,330,0,11,846,204,0,256,1099,111,21,291,1368,0,1465,151,0,0,91,0,353,16,1132,0,312,0,30,10,26,7,88,112,73,90,0,873,88,0,16,0,19,313,499,61,107,132,0,0,0,0,211,357,587,60,0,0,0,0,0,4,0,0,18,89,0,0,0,1383,0,0,0,0,0,226,0,0,0,0,0,10,0,10,35,0,15,37,10,0,88,14,12,0,0,0,59,0,0,0,9,0,142,0,11,0,0,9,0,0,50,0,0,0,203,0,0,0,32,0,0,16,0,0,0,0,0,0,0,0,15,0,7,0,23,0,0,44,0,0,0,29,0,0,0,0,0,0,0,0,0,0,4,0,0,42,269,0,6,0,12,0,40,0,0,0,0,0,0,0,12,0,0,0,0,0,0,0,0,52,0,0,0,0,0,40,0,0,0,0,0,0,0,0,0,0,0,33,0,0,0,0,17,0,0,0,3,0,3,0,28,0,0,0,0,0,0,0,0,0,0,0,0,0,0,0,0,0,0,0,4,3,0,0,8,0,0,0,0,0,0,50,0,5,5,0,0,0,0,0,0,0,0,0,0,0,0,0,0,0,0,0,0,0,0,0,0,0,0,0,0,0,0,0,0,0,0,0,0,5,0,0,0,0,0,0,0,0,0,0,0,0,0,0,0,0,0,0,0,0,0,0,0,0,0,0,0,0,0,0,0,0,0,0,0,0,0,0,0,0,0,0,0,0,0,0,0,0,0,0,0,0,0,0,0,0,0,0,0,0,0,0,0,0,0,0,0,6,0,0,0,0,0,0,0,0,0,0,0,0,0,0,0,0,0,0,0,0,0,0,0,0,0,0,0,0,0,0,0,0,0,0,0,0,0,0,0,0,0,0,0,0,0,0,0,0,0,0
sample-138,633,1285,1414,13981,1853,9515,0,7,6607,0,1983,354,1214,3099,3686,657,3118,215,0,556,13158,323,4043,4619,298,0,2022,331,703,355,3914,0,103,2254,1158,178,161,71,0,0,64,18,0,14,568,19,5,0,68,2823,3356,14,0,6732,401,253,0,958,1694,482,374,210,1067,49,184,1124,602,0,10,651,0,682,592,0,97,94,0,0,0,0,177,0,128,9,0,6,0,17,10,318,0,0,8,0,28,0,478,0,60,37,0,0,11,0,470,989,283,105,142,0,0,414,0,264,10,0,0,0,0,0,0,409,0,0,0,0,0,253,0,0,0,1351,0,15,0,0,4,0,222,13,0,0,0,5,0,0,214,62,88,0,0,0,103,0,91,0,0,167,10,147,0,0,0,33,0,0,0,0,0,0,0,0,0,93,0,0,6,4,71,0,0,0,11,0,166,0,0,0,0,0,0,0,0,0,0,0,0,0,0,0,0,0,0,8,0,0,0,0,0,0,36,10,0,0,0,0,0,0,0,0,0,0,0,0,0,0,0,0,0,0,0,0,0,0,0,0,0,8,0,19,0,0,9,0,0,0,0,0,0,0,19,0,0,0,0,0,0,0,0,0,0,0,0,0,0,0,27,0,0,0,0,0,0,0,0,0,0,0,0,0,0,0,0,9,0,0,0,0,0,0,0,0,0,0,0,0,0,0,0,0,0,0,0,0,0,0,0,0,0,0,0,8,0,0,0,0,0,0,0,0,0,0,0,0,0,0,0,0,0,0,8,0,0,0,0,0,0,0,0,0,0,0,0,0,0,0,0,0,0,0,0,0,0,0,0,0,0,0,0,0,0,0,0,0,0,0,0,0,0,0,0,0,0,0,0,0,0,0,0,0,0,0,0,0,0,0,0,0,0,0,0,0,0,0,0,0,0,0,0,0,0,0,0,0,0,0,0,0,0,0,0,0,0,0,0,0,0,0,0,0,0,0,0,0,0,0,0,0,0,0,0,0,0,0,0,0,0,0,0,0,0,0,0,0,0,0,0,0,0,0
sample-139,984,3693,239,6171,18709,6437,0,45,3955,0,653,0,11773,0,0,0,0,0,0,2141,0,2598,58,17131,0,29,0,570,0,0,1730,0,0,0,0,0,0,43,0,0,0,0,56,0,0,117,0,0,0,0,0,0,0,0,119,0,0,0,0,0,0,0,7,1537,0,0,0,144,0,0,0,77,0,0,0,0,10,0,0,0,0,0,0,7,0,3,0,0,0,0,0,0,35,0,33,12,0,15,0,0,100,0,0,0,0,0,0,0,26,0,0,8,0,0,0,0,38,0,0,0,0,0,0,0,0,0,0,0,0,0,0,0,0,0,0,0,0,0,0,0,0,0,0,0,0,0,0,0,0,0,0,0,0,0,0,0,0,0,0,0,0,0,0,0,0,0,0,0,0,28,0,0,0,95,0,0,147,0,0,0,0,0,0,0,0,0,0,0,0,0,0,0,0,0,0,0,0,0,0,0,81,0,0,0,0,0,0,0,0,0,0,0,0,0,0,0,0,0,0,0,0,0,0,0,0,0,0,0,0,0,0,0,0,0,0,0,0,0,0,0,0,0,35,0,0,0,0,0,0,0,0,0,0,0,0,0,0,0,0,0,0,0,0,0,0,0,0,0,0,0,0,0,0,0,0,0,0,0,0,0,0,0,0,0,0,0,0,0,0,0,0,0,0,0,0,0,2,0,0,0,0,0,3,0,17,0,0,0,0,0,0,0,0,0,0,0,0,0,0,0,0,0,0,0,0,0,0,0,5,0,4,0,0,0,0,0,0,0,0,0,0,0,0,0,0,0,0,0,0,0,0,3,0,0,0,0,0,0,0,0,0,0,0,0,0,0,0,0,0,0,0,0,0,0,0,0,0,0,0,0,0,0,0,0,0,0,0,0,0,0,0,0,0,0,0,0,0,0,0,0,6,0,0,0,0,0,0,0,0,0,0,0,0,0,0,0,0,0,0,0,0,0,0,0,0,0,0,0,0,0,0,0,0,0,0,0,0,0,0,0,0,0,0,0,0,0,0,0,0,0
sample-140,756,67,777,20315,1108,5612,0,835,1866,0,169,67,446,797,189,427,39,41,0,210,271,254,249,411,629,0,646,245,73,157,2134,0,0,573,67,120,0,343,367,0,0,0,0,84,0,0,0,0,0,998,27,0,42,0,17,0,0,0,0,0,0,0,22,173,27,29,156,0,0,194,0,421,826,0,9,0,0,0,0,0,9,0,4,0,63,19,0,4,45,0,0,0,0,0,20,0,5,0,0,0,22,0,0,0,0,3,46,3,10,0,0,635,0,25,20,0,4,0,0,0,0,54,0,0,0,0,0,3,0,0,0,0,0,0,0,0,0,0,0,0,0,0,0,2,0,0,65,0,0,0,0,0,0,0,0,0,0,0,0,341,0,0,0,10,0,0,172,0,0,0,0,0,0,0,0,0,0,0,33,0,0,0,0,0,0,0,0,0,0,0,0,0,0,0,0,0,0,0,0,0,4,0,0,0,0,0,0,0,0,5,117,0,0,0,0,0,0,0,0,0,0,0,0,0,0,0,0,0,0,0,0,0,0,0,0,0,0,0,0,0,0,0,8,0,0,0,0,0,0,0,0,0,0,0,0,0,4,0,0,0,0,0,0,0,0,0,0,0,0,0,0,0,0,0,0,0,0,0,0,0,0,0,0,0,0,0,0,0,0,0,0,0,0,0,0,0,0,0,0,0,0,0,0,0,0,0,0,0,0,7,0,0,0,0,0,0,0,0,0,0,0,0,0,0,0,0,0,0,0,0,0,0,0,0,0,0,0,0,0,0,0,0,0,0,0,0,0,0,0,0,0,0,0,0,0,0,0,0,0,0,0,0,0,0,0,0,0,0,0,0,0,0,0,0,0,0,0,0,0,0,0,0,0,0,0,0,0,0,0,0,0,0,0,0,0,0,0,0,0,0,0,0,0,0,0,0,0,0,0,0,0,0,0,0,0,0,0,0,0,0,0,0,0,0,0,0,0,0,0,0,0,0,0,0,0,0,0,0,0,0,0,0,0,0,0,0,0,0,0,0
sample-141,1489,2216,769,13743,7152,9370,12458,80,9039,0,2206,1236,4911,347,196,2393,3785,174,0,299,1304,1481,7406,1628,2235,22,338,418,797,1702,5681,0,212,1176,160,901,1245,1531,2,0,10,630,0,1054,0,235,26,0,367,0,160,885,318,1209,178,228,0,524,143,1046,0,296,10,75,118,8,290,0,326,640,0,125,267,0,39,0,244,0,0,0,161,0,53,0,54,83,0,0,0,0,0,0,0,38,53,334,0,21,426,147,0,0,0,0,0,0,21,0,0,0,190,0,0,12,0,65,0,82,0,0,0,0,0,0,0,6,0,28,0,0,0,278,0,8,0,0,0,0,10,0,0,0,0,6,11,0,0,0,0,6,0,0,0,0,6,34,0,0,0,0,0,0,0,0,0,0,145,0,0,0,0,0,0,0,0,0,0,0,0,0,0,0,0,0,0,0,0,0,0,0,0,0,0,0,0,0,0,0,0,0,65,0,0,0,0,0,4,0,0,0,0,0,0,0,0,0,0,0,0,5,0,0,0,0,0,0,0,0,0,0,0,0,0,0,0,0,0,0,0,0,0,0,0,0,0,0,0,0,0,0,0,0,0,0,0,0,0,0,0,0,0,0,0,0,0,0,0,0,0,0,0,0,0,0,0,0,0,0,0,0,0,0,0,0,0,0,0,0,0,0,0,0,0,0,0,0,0,0,0,0,0,0,0,0,0,0,0,0,0,0,0,0,0,0,0,0,0,0,0,0,0,0,0,0,0,0,0,0,0,0,0,0,0,0,0,0,0,0,0,0,0,0,0,0,0,0,0,0,0,0,0,0,0,21,0,0,0,0,0,0,0,0,0,0,0,0,0,0,0,0,0,0,0,0,0,0,0,0,0,0,0,0,2,0,0,0,0,0,0,0,0,0,0,0,0,0,0,0,0,0,0,0,0,0,0,0,0,0,0,0,0,0,0,0,0,0,0,0,0,0,0,0,0,0,0,0,0,0,0,0,0,0,0,0,0,0,0,0,0,0,0,0,0,0,0,0,0,0,0,0
sample-144,13161,4027,803,254,2144,35418,685,5420,4088,0,381,621,89,2793,272,229,3719,34,486,3004,2663,599,10862,855,378,0,319,12,595,227,1213,0,66,341,1344,150,9,0,0,0,0,0,42,0,909,21,942,0,51,3359,478,67,68,0,88,293,0,322,108,21,0,251,65,122,87,0,0,0,0,86,0,96,14,0,42,49,0,0,0,0,13,0,60,75,342,243,0,37,0,37,672,0,0,33,17,0,0,10,0,121,0,0,2,0,0,21,23,7,54,0,185,7,110,39,145,0,10,0,0,0,0,0,0,0,0,70,0,5,0,0,0,0,0,22,15,0,0,0,19,34,0,0,4,0,0,0,0,0,13,0,0,0,123,21,58,0,0,0,11,0,0,19,12,29,0,0,15,0,0,0,0,0,0,27,0,0,0,0,0,0,0,0,32,0,0,8,0,0,0,0,0,10,0,0,4,0,0,0,0,0,0,0,0,0,0,0,0,0,0,3,0,0,0,0,0,0,0,0,0,0,0,0,0,5,0,6,0,0,2,0,0,0,0,0,0,0,0,0,0,10,0,0,12,0,0,0,0,0,258,0,0,0,0,0,0,0,0,0,0,2,7,0,5,0,0,0,0,0,0,0,0,0,0,0,0,0,0,0,0,0,0,0,0,0,0,0,0,0,0,0,0,7,0,0,0,0,0,0,0,0,0,0,0,0,0,0,0,0,0,0,0,0,0,0,0,0,0,0,0,0,0,0,0,0,0,0,0,0,0,0,0,0,0,0,0,0,0,0,0,0,0,0,0,0,0,0,0,0,0,0,0,0,0,0,0,0,0,0,0,0,0,0,0,0,0,0,0,0,0,0,0,0,0,0,0,0,0,0,0,0,0,0,0,0,0,0,0,0,0,0,0,0,0,0,0,0,0,0,0,0,0,0,0,0,0,0,0,0,0,0,0,0,0,0,0,0,0,0,0,0,0,0,0,0,0,0,0,0,0,0,0,0,0,0,0,0,0,0,0,0,0,0,0,0,0,0,0,0,0,0
sample-146,9751,9739,481,354,6383,1317,664,6594,1334,13880,4845,2479,192,1759,9508,534,5787,28,166,28,2098,2315,122,39,443,0,3936,0,809,264,803,0,904,198,2163,766,172,18,302,0,0,12,177,0,897,6,6,75,798,522,117,118,0,37,510,0,0,4,61,404,882,49,436,46,14,0,34,0,0,87,0,17,36,0,80,3,37,0,0,0,11,0,228,170,121,195,0,371,12,96,0,0,0,341,33,0,15,0,13,321,73,32,11,0,0,112,6,52,0,0,0,0,103,7,7,0,0,88,0,0,0,19,0,0,0,0,0,113,0,0,6,0,0,42,11,0,37,0,0,139,0,0,0,19,19,0,0,0,25,0,0,0,6,0,305,0,0,29,0,0,0,0,24,0,0,0,10,5,12,0,0,0,0,0,0,0,0,0,29,0,0,0,0,0,0,0,0,0,0,0,0,0,0,0,0,0,0,69,0,0,0,0,12,0,7,0,0,0,0,2,0,0,0,6,0,0,0,0,0,0,0,0,0,0,0,0,0,0,0,0,8,0,0,0,0,0,0,0,0,0,0,0,0,0,0,0,0,0,0,0,0,0,0,0,0,0,0,0,0,0,0,0,0,0,0,57,6,0,0,0,0,0,0,0,294,0,0,0,2,0,0,0,0,0,0,0,0,0,0,0,0,0,3,0,0,0,0,0,0,0,0,0,0,0,0,0,0,0,0,23,0,0,0,0,0,0,0,0,0,0,0,0,0,0,0,0,0,0,0,0,0,0,0,0,19,0,0,0,0,0,0,0,0,0,0,0,7,0,0,0,0,0,0,0,0,0,0,0,0,19,0,0,0,0,0,0,0,0,0,0,0,0,0,0,0,0,0,0,0,0,0,0,0,0,0,0,0,0,0,0,0,0,0,0,0,0,0,0,0,0,0,0,0,0,0,0,0,0,0,0,0,0,0,0,0,0,0,4,0,0,0,0,0,0,0,0,0,0,0,0,0,0,0,0,0,0,0,0,0,0,0,0,0,0,0,0,0,0,0,0
sample-147,5921,30175,157,339,14820,110,0,3,738,0,787,4675,7243,16,1835,332,86,1021,68,1567,30,2774,21,560,929,136,105,14,137,163,4883,0,6,12,22,106,19,17,0,0,0,66,27,9,1207,22,102,0,130,93,15,32,41,83,17,14,0,0,0,4,0,0,0,35,6,0,0,131,0,56,66,5,9,0,199,3,516,0,0,0,9,369,3072,7,0,272,0,84,0,0,0,0,0,100,221,0,0,4,17,38,0,0,0,0,0,0,0,13,4,0,0,0,0,0,9,0,0,23,0,0,0,0,0,0,0,42,0,0,0,0,24,0,0,0,68,0,186,0,0,0,0,0,0,59,32,3,0,4,3,0,0,0,0,0,59,0,0,0,0,0,0,41,0,0,0,0,0,0,0,0,0,0,0,22,0,0,3,0,0,0,0,7,0,0,0,31,0,36,0,0,0,0,0,0,0,0,0,24,0,0,0,0,0,0,0,0,0,0,0,0,0,0,6,23,0,0,0,0,0,3,0,0,0,0,0,0,0,0,0,0,10,0,0,9,0,0,0,0,0,0,0,0,0,0,0,0,0,0,0,0,0,0,0,0,0,0,0,0,17,0,0,0,0,0,0,0,0,0,0,0,0,0,0,0,0,0,0,0,0,0,0,0,0,0,0,0,0,0,5,0,0,0,0,0,2,0,0,0,0,0,0,0,0,0,0,0,0,0,0,0,0,0,0,0,0,0,0,0,0,0,0,0,0,0,0,0,0,0,0,0,0,0,0,0,0,0,0,0,0,0,0,0,0,0,7,0,0,0,0,0,0,0,0,0,0,0,0,0,0,0,0,0,0,0,0,0,0,0,0,0,0,0,0,0,0,0,0,0,0,0,0,0,0,0,0,0,0,0,0,0,0,0,0,0,0,0,0,0,0,0,0,0,0,0,0,0,0,0,0,0,0,0,0,0,0,0,0,0,4,0,0,0,0,0,0,0,0,0,0,0,0,0,0,0,0,0,0,0,0,0,0,0,0,0,0,0,0,0,0,0
sample-157,1205,27,23071,17213,8573,27,0,0,9157,0,11201,2116,1363,67,2424,795,651,8342,7,267,3771,0,29,1994,234,0,1023,182,176,7284,6370,0,4,90,2086,3,0,948,20,3,0,0,19,21,0,28,40,0,0,0,36,0,0,0,0,0,0,272,178,0,0,188,468,159,1277,11,55,1983,0,0,0,0,1092,0,0,45,0,0,3,506,0,0,726,134,0,0,0,77,0,0,0,0,394,0,44,0,0,5,0,0,688,12,0,0,0,502,274,0,0,0,0,3,0,575,0,0,30,0,8,0,0,0,0,0,0,0,0,496,0,0,0,0,0,135,4,0,0,0,62,0,0,0,0,255,11,0,122,0,0,96,0,0,0,28,67,0,0,0,0,0,18,0,0,0,0,41,96,0,0,109,0,0,0,0,0,0,10,80,0,58,3,0,0,3,0,0,21,0,0,0,0,0,0,0,0,0,0,0,0,0,0,0,7,0,0,0,7,0,0,0,0,0,0,0,0,17,12,20,0,0,0,0,0,0,0,0,0,0,0,3,0,0,0,0,0,0,0,0,18,92,0,0,0,0,0,0,0,0,0,10,0,161,0,0,0,0,0,175,0,0,0,0,0,0,0,0,0,0,0,0,0,0,0,0,0,0,0,0,0,0,0,10,0,0,0,0,0,0,0,0,0,0,0,0,0,12,0,0,0,0,0,0,71,0,0,0,0,0,0,0,0,0,0,0,0,0,0,3,0,0,0,0,0,0,0,0,0,0,0,0,0,0,0,0,0,0,0,0,0,0,0,0,2,0,0,0,0,0,0,0,0,0,0,0,0,0,0,0,0,0,0,0,0,0,0,0,0,0,0,0,0,0,0,0,0,0,0,0,0,0,0,0,0,0,0,0,0,0,0,0,0,0,0,0,0,0,0,0,0,0,0,0,0,0,0,0,0,0,0,0,0,0,0,0,0,0,0,0,0,0,0,0,0,0,0,0,0,0,0,0,0,0,0,0,0,0,0,0,0,0,0,0,0,0,0,0,0,0,0,0
sample-159,127,11601,4954,177,14073,643,638,14,2576,6,3747,3444,6198,3383,2543,3412,7874,0,0,60,3606,1921,655,422,1971,0,4827,11,825,1490,3304,0,251,8,1448,299,11213,36,23718,0,1165,1658,2857,0,718,815,84,20,372,8485,3813,4057,216,0,740,0,0,293,51,274,2609,117,625,211,0,339,4,0,2711,58,0,71,0,0,63,18,370,6,44,0,28,0,94,35,0,15,9,281,149,0,0,0,0,0,87,662,614,0,868,468,458,0,147,0,22,162,36,558,0,77,789,0,0,0,58,23,0,59,0,65,0,59,0,125,0,0,0,66,0,0,0,11,0,14,0,0,91,11,0,63,0,58,284,0,11,0,0,0,151,0,0,32,29,4,70,0,35,0,0,0,0,0,46,0,0,0,0,0,0,0,13,9,0,33,0,0,0,0,0,18,19,0,0,0,0,0,0,0,0,0,0,0,0,33,0,83,0,0,27,0,0,0,5,0,0,0,81,0,0,5,0,0,0,0,24,0,0,0,0,0,0,0,0,0,3,0,0,0,0,0,38,0,0,0,0,0,0,0,0,0,0,0,0,11,0,0,0,0,0,0,0,0,0,0,0,8,0,0,6,2,0,0,0,0,0,0,0,0,0,28,0,0,0,0,0,0,0,0,0,0,0,0,0,0,0,0,0,0,0,0,0,0,0,0,0,0,0,0,0,0,0,0,0,0,0,0,0,0,0,0,0,0,0,0,0,0,0,0,0,0,0,0,0,0,0,0,0,0,0,0,0,0,0,0,0,0,0,0,0,0,0,0,0,0,0,0,0,0,0,0,0,0,0,0,0,0,0,0,0,0,0,0,0,0,0,0,0,0,0,0,0,0,0,0,0,0,0,0,0,0,0,0,0,0,0,0,0,0,0,0,0,0,0,0,0,0,0,0,0,0,0,0,0,0,0,0,0,0,0,0,0,0,0,0,0,0,0,0,0,0,0,0,0,0,0,0,0,0,0,0,0,0,0,0,0,0,0,0,0,0,0,0,0,0,0,0,0,0,0,0
sample-161,387,6267,3533,5799,4972,1515,1438,0,2955,0,1433,1684,443,1531,3655,1813,2186,342,0,166,1328,421,1071,519,387,0,637,1827,866,3940,3670,561,324,632,234,397,271,728,76,0,550,0,1337,0,204,0,0,128,323,2661,676,363,119,0,156,435,0,17,273,995,2476,106,321,81,0,513,226,0,0,524,0,98,80,0,92,0,11,619,136,0,17,25,113,13,188,3,1301,22,28,0,0,0,10,106,36,0,373,0,365,291,63,0,26,0,272,280,25,164,0,14,357,0,0,4,8,322,0,20,0,79,0,65,147,79,0,0,0,44,0,0,0,17,0,24,3,0,132,85,7,9,0,0,290,0,13,0,0,0,28,0,0,1212,0,0,24,0,63,6,27,0,0,11,46,0,0,0,92,0,0,0,40,0,0,22,0,0,0,0,0,0,0,0,9,0,0,0,0,10,0,0,0,0,0,0,0,0,0,0,0,0,0,0,0,0,0,0,0,0,0,0,0,0,0,0,0,0,0,0,0,0,0,0,12,0,0,12,0,0,0,0,0,0,0,0,0,0,0,0,0,0,0,0,0,0,0,0,0,0,0,0,6,0,0,0,0,0,0,0,0,0,0,0,0,0,3,0,0,0,0,0,0,0,0,0,0,0,0,0,0,0,0,0,0,0,0,0,0,0,0,0,0,0,0,0,0,0,0,0,0,0,0,0,0,0,0,0,0,0,0,0,0,0,0,0,0,0,0,0,0,0,0,0,0,0,0,0,0,0,0,0,0,0,0,0,0,0,0,0,0,0,0,0,0,0,0,0,0,0,0,0,0,0,0,0,0,0,0,0,0,0,0,0,0,0,0,0,0,0,0,0,0,0,0,0,0,0,0,0,0,0,0,0,0,0,0,0,0,0,0,0,0,0,0,0,0,0,0,0,0,0,0,0,0,0,0,0,0,0,0,0,0,0,0,0,0,0,0,0,0,4,0,0,0,0,0,0,0,0,0,0,0,0,0,0,0,0,0,0,0,0,0,0,0,0,0,0,0,0,0,0
sample-162,15346,4834,3751,1507,7639,2168,1102,21070,1123,5,3054,1166,508,245,2581,437,920,86,0,2932,176,1546,0,3260,524,8,1104,1751,241,291,1232,7,636,60,0,1412,19,47,0,126,0,18,0,0,1324,1891,259,0,353,0,141,0,37,1209,150,617,0,0,29,0,0,182,10,140,273,0,11,0,0,0,0,0,75,0,0,0,29,0,0,122,7,176,611,28,0,90,0,174,0,0,0,0,11,0,118,0,0,49,14,71,0,0,404,0,0,0,4,101,0,0,0,0,0,5,340,0,65,0,0,40,0,0,0,0,0,424,0,0,0,0,0,0,0,19,10,0,0,4,0,0,11,0,0,0,71,0,0,4,0,0,0,0,0,0,0,0,0,0,0,8,3,0,0,0,0,3,16,0,0,0,0,130,0,49,0,0,11,0,0,4,0,0,0,0,0,0,0,12,0,0,0,0,0,0,0,0,0,0,0,0,0,0,0,0,0,0,20,0,0,0,0,54,0,0,0,0,0,0,0,0,0,0,0,0,0,0,0,0,2,0,0,0,0,0,17,0,0,0,0,0,2,0,10,0,0,0,0,0,0,0,0,0,0,0,0,0,0,0,0,6,0,0,0,0,0,0,0,0,0,0,0,0,0,0,0,0,0,0,0,0,0,0,0,0,0,0,0,0,0,0,0,0,0,0,0,0,0,0,0,0,0,0,0,0,0,0,0,0,0,0,0,0,0,0,0,0,0,0,0,0,0,0,0,0,0,0,0,0,0,0,0,0,0,0,0,0,0,0,0,0,0,0,0,0,0,0,0,0,0,0,0,0,0,0,0,0,0,0,0,0,0,0,0,0,0,0,0,0,0,0,0,0,0,0,0,0,0,0,0,0,0,0,0,0,0,0,0,0,0,0,0,0,0,0,0,0,0,0,0,0,0,0,0,0,0,0,0,0,0,0,0,0,0,0,0,0,0,0,0,0,0,0,0,0,0,0,0,0,0,0,0,0,0,0,0,0,0,0,0,0,0,0,0,0,0,0,0,0,0,0
sample-164,897,6915,4859,1527,10014,5516,17,21,11432,247,1597,4467,5490,73,2106,1880,309,319,0,277,37,1927,37,1365,105,0,582,0,587,194,2318,0,1333,38,18,33,0,81,0,8091,0,0,62,328,0,485,7084,0,2906,13,0,0,97,273,150,0,0,28,13,0,0,100,0,1220,655,22,0,832,0,0,215,207,21,0,0,42,0,0,0,49,255,0,0,92,0,40,62,33,0,0,0,0,31,0,7,0,0,0,0,0,0,0,0,0,0,0,0,7,6,0,0,0,95,28,35,0,45,144,54,0,0,11,0,21,0,0,0,23,0,0,0,0,0,13,8,0,235,14,0,0,0,0,0,8,3,942,0,0,30,7,0,0,0,0,15,0,0,0,0,0,0,0,0,0,0,0,0,0,0,58,0,0,0,0,55,0,0,0,0,0,0,0,0,0,0,17,0,0,0,0,0,0,0,0,0,0,0,0,0,0,0,0,0,0,41,0,5,0,0,0,0,0,0,0,0,0,0,0,0,0,0,0,0,0,0,0,0,0,0,0,16,0,0,0,0,0,0,0,0,0,0,0,0,0,0,0,0,0,0,11,0,0,0,0,0,0,0,0,0,2,0,0,0,0,0,0,0,0,0,0,0,0,0,0,0,0,0,0,0,0,0,0,0,0,0,0,0,0,0,0,0,0,0,0,0,0,2,0,0,0,0,0,0,0,0,0,0,0,0,0,0,0,0,0,0,0,0,0,0,0,0,0,0,0,0,0,0,0,0,0,0,0,0,0,0,0,0,0,0,0,0,0,0,0,0,0,0,0,0,0,0,0,0,0,0,0,0,0,0,0,0,0,0,0,0,0,0,0,0,0,0,0,0,0,0,0,0,0,0,0,0,0,0,0,0,0,0,0,0,0,0,0,0,0,0,0,0,0,0,0,0,0,0,0,0,0,0,0,0,0,0,0,0,0,0,0,0,0,0,0,0,0,0,0,0,0,0,0,0,0,0,0,0,0,0,0,0,0,0,0,0,0,0,0,0,0,0,0,0,0
sample-171,13981,4555,2252,4857,4788,1119,0,16,3219,10,1227,1085,1465,2730,244,806,612,255,46,5380,646,701,921,3379,570,16,453,189,347,676,317,0,355,976,72,402,79,427,16,0,1629,26,146,0,0,76,1125,0,352,1106,394,372,99,357,157,31,0,130,64,0,0,326,32,0,0,11,63,0,0,500,0,20,86,0,48,338,0,0,0,0,0,0,96,20,63,159,0,122,0,89,0,0,0,0,123,0,678,14,372,114,0,0,20,0,11,71,0,135,40,0,0,48,31,0,177,0,0,0,0,0,0,0,90,0,0,0,0,99,48,232,2,64,0,20,0,9,0,0,11,14,0,118,0,0,0,0,0,0,0,0,0,0,14,18,13,0,0,0,3,57,0,0,0,0,108,0,33,0,0,0,0,0,0,146,0,0,0,0,0,0,0,0,4,0,0,0,0,0,0,0,0,0,0,0,0,0,0,0,9,0,0,0,0,0,0,0,10,0,0,0,0,35,0,0,0,0,0,0,0,0,0,34,0,0,0,0,0,0,0,0,0,0,0,0,62,0,0,0,0,0,0,0,0,0,0,0,0,0,0,0,2,0,0,0,0,0,0,0,0,0,9,0,0,0,0,0,0,0,4,0,0,0,0,0,0,0,0,0,0,0,0,0,0,0,0,0,0,0,0,2,0,0,0,0,0,0,0,0,0,0,0,0,2,0,0,0,0,0,0,0,0,0,0,0,0,0,0,0,0,2,0,0,0,0,0,0,0,0,0,0,0,0,4,0,0,0,0,0,0,0,0,0,0,0,0,0,0,0,0,0,0,0,0,0,0,0,0,0,0,0,0,0,0,0,0,0,0,0,0,0,0,0,0,0,0,0,0,0,0,0,0,0,0,0,0,0,0,0,0,0,0,0,0,0,0,0,0,0,0,0,0,0,0,0,0,0,0,0,0,0,0,0,0,0,0,0,0,0,0,0,0,0,0,0,0,0,0,0,0,0,0,0,0,0,0,0,0,0,0,0,0,0,0,0,0,0,0,0,0,0
sample-173,9555,6342,30465,16139,5477,12924,0,8,724,0,2219,3113,5124,0,4307,562,90,2303,22,57,74,889,0,59,450,0,4064,14,918,170,3481,0,57,768,25,36,16,140,5,0,0,13,0,5935,0,745,23,0,120,0,12,0,268,2156,155,0,0,0,0,0,3,15,49,471,1159,75,84,214,10,0,1123,45,48,0,56,7,15,0,0,0,2147,54,38,98,11,0,0,41,0,79,0,0,748,0,54,12,0,14,0,0,163,0,75,0,0,0,127,0,601,0,0,0,251,325,26,0,130,12,28,0,0,15,0,0,0,0,0,377,0,0,0,0,0,0,5,0,0,0,8,0,0,0,0,4,23,0,0,0,0,0,0,0,0,0,12,0,0,0,0,99,0,0,0,0,0,0,22,0,0,0,0,0,0,3,0,0,85,13,0,0,0,0,0,2,0,44,0,6,0,0,0,37,0,0,51,0,0,20,0,0,0,0,7,0,256,0,0,0,0,0,0,0,4,0,0,0,0,0,0,0,0,0,0,0,0,0,0,0,0,0,10,0,0,0,0,0,0,0,0,0,0,5,0,0,6,0,0,0,0,5,0,0,0,0,11,0,43,0,0,0,0,9,18,0,0,0,0,0,0,0,0,0,0,0,0,0,0,0,0,0,0,0,0,0,0,0,0,0,0,0,0,0,0,0,0,0,0,0,0,0,0,0,4,4,0,0,0,0,0,0,0,0,0,0,0,0,0,0,0,0,0,0,0,0,0,0,0,0,0,0,0,0,0,0,0,0,0,0,0,0,0,0,0,0,0,0,0,0,0,0,0,0,0,0,0,0,0,0,0,0,0,0,0,0,0,0,0,0,0,0,0,0,0,0,0,0,0,0,0,0,0,0,0,0,0,0,0,0,0,0,0,0,0,0,0,0,0,0,0,0,0,0,0,0,0,0,0,0,0,0,0,0,0,0,0,0,0,0,0,0,0,0,0,0,0,0,0,0,0,0,0,0,0,0,0,0,0,0,0,0,0,0,0,0,0,0,0,0,0,0
sample-174,3434,6054,2462,10086,6355,9,4458,5866,9909,0,5843,6158,0,3776,4072,1797,1601,26,4734,3483,9524,1263,2732,695,622,0,3774,550,1463,1832,10215,0,617,2101,442,286,0,709,199,0,1220,0,195,0,407,22,73,1047,477,1399,2506,286,1515,753,1078,86,0,2254,2333,932,0,153,904,797,135,694,183,0,0,487,0,393,173,6,174,5,0,0,27,0,91,57,430,23,154,238,808,111,32,1399,297,0,0,7,158,0,575,9,103,869,315,0,0,0,277,1057,448,288,0,0,1607,166,9,238,5,4,7,69,0,0,0,2,0,0,0,0,0,199,0,387,8,344,0,69,6,0,40,0,520,396,0,0,0,41,6,0,84,0,263,0,0,0,18,0,259,0,0,0,30,0,0,0,99,17,0,0,251,0,0,0,37,0,0,524,0,0,10,0,0,0,3,0,17,16,81,0,17,0,0,0,0,0,0,20,21,0,0,0,0,0,0,0,10,0,0,0,0,0,39,11,25,0,7,0,0,0,0,0,0,0,0,5,0,0,0,0,0,0,0,0,0,0,0,0,0,0,0,0,11,3,0,0,0,0,0,0,0,0,0,0,0,0,0,0,0,0,0,0,2,2,0,0,0,0,0,0,30,44,0,0,0,0,0,0,0,0,0,0,0,0,0,0,0,2,0,0,0,0,0,0,0,0,0,0,0,0,0,0,0,0,0,0,3,0,0,0,0,0,0,0,0,0,0,0,0,0,0,0,0,0,0,0,0,0,0,0,0,0,0,0,0,0,0,0,0,0,0,0,0,0,0,0,0,0,0,0,0,0,0,0,0,0,0,0,0,0,0,0,0,0,0,0,0,0,0,0,0,0,0,0,0,0,0,0,0,0,0,0,0,0,0,4,0,0,0,0,0,0,0,0,0,0,0,0,0,0,0,0,0,0,0,0,0,0,0,0,0,0,0,0,0,0,0,0,0,0,0,0,0,0,0,0,0,0,0,0,0,0,0,0,0,0,0,0,0,0,0,0,0,0,0,0,0,0,0,0,0,0,0,0
sample-182,39,4633,8394,31960,2522,3494,0,0,3589,0,2985,974,13,0,712,1197,250,477,1023,139,117,332,9040,1149,334,0,811,41,409,3900,3032,0,0,547,182,377,513,330,0,0,0,462,0,0,832,41,16,0,183,36,19,0,291,849,72,0,0,216,0,66,611,111,5,174,333,0,93,8,166,524,0,278,2056,0,335,21,243,0,0,0,0,10,70,39,0,20,0,0,0,693,0,0,34,0,32,30,0,0,0,33,0,0,0,0,0,44,103,214,0,0,0,59,0,0,0,0,0,17,0,0,0,0,0,0,0,0,0,14,0,0,0,0,0,0,12,0,0,0,34,0,7,0,0,13,10,0,0,0,0,0,0,0,0,0,5,0,0,0,0,40,0,0,0,0,0,0,26,0,0,0,0,0,0,0,0,0,3,0,0,0,0,0,0,0,0,8,0,0,0,0,0,0,0,0,0,0,0,0,0,0,0,0,0,0,89,0,0,0,0,0,0,0,0,0,0,0,0,0,0,0,0,5,0,0,0,0,0,0,0,0,0,0,0,0,0,0,0,0,0,0,10,6,0,0,0,0,0,0,0,11,0,0,0,0,0,0,0,0,0,3,0,0,0,0,0,0,0,0,0,0,0,0,0,0,0,0,0,0,0,0,0,0,0,0,0,0,0,0,0,0,0,0,0,0,0,0,3,0,0,0,0,0,0,0,0,0,0,0,0,0,0,0,0,0,0,0,0,0,3,0,0,0,0,0,0,0,0,0,0,0,0,0,0,0,0,0,0,0,0,0,0,0,0,0,0,0,0,0,0,0,0,0,0,0,0,0,0,0,0,0,0,0,0,0,0,0,0,0,0,0,0,0,0,0,0,0,0,0,0,0,0,0,0,0,0,0,0,0,0,0,0,0,0,0,0,0,0,0,0,0,0,0,0,0,0,0,0,0,0,0,0,0,0,0,0,0,0,0,0,0,0,0,0,0,0,0,0,0,0,0,0,0,0,0,0,0,0,0,0,0,0,0,0,0,0,0,0,0,0,0
sample-183,8139,14502,8963,13942,11899,8787,9,0,4239,0,2673,3772,1615,0,2269,3120,318,25,0,2179,78,881,263,1461,535,0,5509,1920,981,2120,3482,0,333,576,240,47,1131,1109,0,0,0,40,0,0,988,0,0,0,804,0,38,0,962,969,239,466,0,34,0,0,2411,140,0,388,1478,0,42,2024,19,0,0,172,220,0,13,0,1306,0,0,0,93,0,206,90,0,107,0,54,0,205,0,0,75,0,115,7,0,0,0,0,0,0,0,0,0,0,74,0,0,0,0,27,0,256,6,0,0,0,0,0,0,0,0,0,11,0,0,80,0,0,13,0,0,0,94,0,0,0,35,0,0,0,0,0,110,0,0,0,8,0,194,0,0,0,9,0,0,0,0,9,0,0,0,0,0,0,72,0,0,0,0,22,0,20,0,0,13,0,0,0,12,0,0,0,0,10,0,0,0,0,0,0,0,0,0,0,0,0,14,0,63,0,4,0,84,0,0,0,0,0,0,0,0,0,0,0,0,0,0,5,74,0,0,0,0,0,0,0,0,0,11,0,0,0,0,0,0,0,0,0,0,4,0,0,0,0,0,0,0,0,0,0,0,0,0,0,0,0,0,0,0,0,0,0,0,0,0,0,0,0,31,0,0,0,0,0,0,0,0,0,0,0,0,0,0,0,0,0,0,0,0,0,0,0,0,0,0,0,0,0,0,0,0,0,0,5,0,0,0,0,0,0,0,0,0,0,0,3,0,18,0,0,0,0,0,0,0,0,0,0,0,0,0,0,0,0,0,0,0,0,0,0,0,0,0,0,0,0,0,0,0,0,0,0,0,0,0,0,0,0,0,0,0,0,0,0,0,0,0,0,0,0,0,0,0,0,0,0,0,0,0,0,0,0,0,0,0,0,0,0,0,0,0,0,0,0,0,0,0,0,0,0,0,0,0,0,0,0,0,0,0,0,0,0,0,0,0,0,0,0,0,0,0,0,0,0,0,0,0,0,0,0,0,0,0,0,0,0,0,0,0,0,0,0,0,0,0,0,0,0
sample-185,3074,9167,712,65,8970,30,934,4,2889,23024,2133,3239,1865,1184,2076,607,5740,5110,12450,1264,1625,2616,545,1982,350,6333,960,1022,717,1145,566,464,71,14,1613,196,320,11,250,1167,0,551,0,11,0,1093,2047,329,327,7142,555,74,43,0,221,258,728,106,0,102,1356,180,444,69,245,146,7,0,23,64,0,229,97,0,38,243,12,67,637,114,4,0,148,0,0,329,0,194,0,21,64,756,0,84,370,42,1268,45,13,732,28,0,0,0,628,332,0,172,189,0,28,0,0,21,976,14,0,81,0,48,37,5,18,0,0,0,0,57,0,0,17,0,0,24,143,0,116,0,0,60,18,0,0,0,28,0,0,0,47,0,0,24,5,0,147,0,0,0,7,0,0,42,5,0,0,0,0,0,0,0,0,40,0,106,0,0,0,0,0,0,0,0,0,0,0,6,0,12,0,0,9,0,129,0,0,26,48,33,20,0,0,0,0,0,0,0,55,0,0,0,0,38,0,0,0,0,4,0,0,0,0,6,0,0,19,0,0,70,0,0,13,0,0,0,0,0,0,0,0,0,10,0,0,0,0,0,0,0,0,0,0,0,0,0,13,0,0,0,0,0,11,0,0,0,0,0,0,0,0,0,0,0,0,0,0,0,0,0,0,0,0,0,6,0,0,0,0,0,0,0,0,0,0,0,0,0,4,0,0,0,0,0,0,0,0,9,0,0,0,0,0,0,0,0,0,0,0,0,0,0,0,0,0,0,0,0,0,0,0,0,0,0,0,0,0,0,0,0,0,0,0,0,0,0,0,0,0,0,0,0,0,0,0,0,0,0,0,0,0,0,0,0,0,0,0,0,0,0,0,0,0,0,0,0,0,0,0,0,0,0,0,0,0,0,0,0,0,0,0,0,0,0,0,0,0,0,0,0,0,0,0,0,0,0,0,0,0,0,0,0,0,0,0,0,0,0,0,0,0,0,0,0,0,0,0,0,0,0,0,0,0,0,0,0,0,0,0,0,0,0,0,0,0,0,0,0,0,0,0,0
sample-187,2272,2364,252,22348,2596,3048,12601,342,3189,259,1423,407,1993,2733,509,302,4278,30,0,476,6003,238,4502,73,200,0,191,10,211,684,2490,775,90,1725,1034,205,432,1440,0,5155,580,262,1901,6,286,0,399,174,28,6707,1015,858,233,873,199,153,538,69,765,40,88,316,614,0,166,113,330,0,7,213,0,93,183,0,22,19,9,1312,62,483,403,37,57,0,0,0,379,47,0,1294,78,0,0,349,23,0,650,0,34,81,0,306,0,0,0,238,135,44,0,0,0,142,0,87,21,0,0,0,0,43,0,0,649,300,0,0,0,13,0,0,0,0,344,7,14,0,24,0,27,26,0,0,0,0,7,0,28,0,23,6,0,0,15,0,36,0,0,0,0,17,26,14,98,0,0,23,42,0,0,0,0,29,0,7,0,0,14,41,5,0,0,0,0,34,0,0,0,0,0,0,0,0,0,0,25,0,0,0,0,0,0,0,0,0,0,0,0,0,0,0,0,0,4,0,0,0,2,0,0,39,10,0,0,0,0,0,0,0,0,0,0,0,0,0,0,3,0,0,0,0,0,0,0,0,0,0,0,0,41,0,0,0,0,0,0,0,0,0,0,0,0,0,0,0,0,0,20,0,0,0,0,0,0,0,0,0,0,0,0,0,0,0,2,0,0,0,0,0,0,0,0,0,0,0,0,0,0,0,0,0,0,0,0,0,0,0,0,0,0,0,0,0,0,0,0,0,0,0,14,0,29,0,0,0,0,0,0,0,0,0,12,0,0,0,0,0,0,0,0,0,0,0,0,0,0,0,0,0,0,0,0,0,0,0,0,0,0,0,0,0,0,0,3,0,0,0,0,0,0,0,0,0,0,0,0,0,0,0,0,0,0,0,0,0,0,0,0,0,0,0,0,0,0,0,0,0,0,0,4,0,0,0,0,0,0,0,0,0,0,0,0,0,0,0,0,0,0,0,0,0,0,0,0,0,0,0,0,0,0,0,0,0,0,0,0,0,0,0,0,0,0,0,0,0,0,0,0,0,0,0
sample-189,96,516,8748,10210,3549,865,0,3306,9559,0,2331,653,1128,11690,2382,697,854,0,1622,204,1809,1065,5104,522,895,0,38,22,306,1479,4372,0,138,809,1005,26,1482,514,0,0,0,1239,0,0,0,0,3083,73,183,4570,4247,3446,21,0,45,244,0,59,517,162,0,269,0,132,315,13,42,0,340,426,0,238,611,0,92,0,4,441,0,0,20,26,370,0,0,10,0,0,0,0,0,0,8,299,11,226,0,0,592,358,0,901,381,0,0,165,236,86,0,0,0,98,0,56,0,0,0,0,0,0,0,87,51,0,0,0,0,5,0,0,2,213,0,40,5,0,25,0,93,0,0,0,0,0,0,0,291,0,48,0,0,0,0,0,34,0,0,0,0,21,0,0,0,0,0,0,0,0,0,0,11,0,0,7,0,0,0,5,0,0,0,0,0,2,0,0,0,0,0,0,0,0,0,0,0,0,0,0,0,0,0,0,0,0,0,0,0,0,0,0,0,0,0,0,0,0,0,0,0,0,0,0,0,0,0,0,0,0,0,0,0,0,0,0,0,0,0,0,0,0,0,0,0,0,0,0,0,0,0,0,0,0,0,0,0,0,0,0,0,0,0,0,0,0,0,0,0,0,0,0,0,0,0,0,0,0,0,0,0,0,0,0,0,0,0,0,0,0,0,0,0,0,0,0,0,0,0,0,0,0,0,0,0,0,0,0,0,0,0,0,0,0,0,0,0,0,0,0,0,0,0,0,0,0,0,0,0,0,0,0,0,0,0,0,0,0,0,0,0,0,0,0,0,0,0,0,0,0,0,0,0,0,0,0,0,0,0,0,0,0,0,0,0,0,0,0,0,0,0,0,0,0,0,0,0,0,0,0,0,0,0,0,0,0,0,0,0,0,0,0,0,0,0,0,0,0,0,0,0,0,0,0,0,0,0,0,0,0,0,0,0,0,0,0,0,0,0,0,0,0,0,0,0,0,0,0,0,0,0,0,0,0,0,0,0,0,0,0,0,0,0,0,0,0,0,0,0,0,0,0
sample-191,765,4119,201,19514,8582,9179,10506,0,9775,2232,10512,2875,312,705,3873,1929,1508,0,4,184,6026,1289,4509,400,952,6,2979,76,3858,10351,11870,0,578,977,540,1380,383,726,0,0,0,122,0,375,0,0,0,0,586,0,631,0,35,990,204,201,0,415,1227,226,0,464,71,0,620,123,644,1090,19,0,0,438,481,0,295,42,17,0,0,0,0,0,270,64,0,54,0,47,0,0,0,0,41,0,44,7,20,0,0,142,0,0,0,0,0,0,354,82,613,0,0,0,0,336,0,0,12,38,0,87,0,0,0,0,0,0,0,19,0,0,0,0,0,85,20,0,0,261,106,0,0,0,0,0,39,0,0,0,40,0,0,0,0,34,18,0,0,0,0,0,0,15,14,0,0,0,0,0,0,0,0,0,0,0,0,0,0,7,0,0,0,0,8,0,0,5,0,0,0,0,0,0,0,0,43,0,0,0,7,0,0,0,0,0,0,0,0,0,14,0,0,0,0,2,0,0,3,0,0,62,0,0,0,57,0,0,0,0,0,0,16,0,0,0,0,0,0,0,0,4,15,0,0,0,9,0,0,0,0,0,0,0,0,0,0,0,0,0,0,2,0,0,0,0,0,0,0,0,0,0,0,0,0,0,0,0,0,0,0,0,0,6,0,0,0,0,0,0,0,0,0,0,0,0,0,0,0,0,0,0,0,0,0,0,0,0,0,0,0,0,0,0,0,0,0,0,0,0,0,0,0,0,0,0,0,3,0,0,0,0,0,0,0,0,0,0,0,0,0,0,0,0,0,0,0,0,0,0,0,0,0,0,0,0,0,0,0,0,0,0,0,0,0,0,0,0,0,0,0,0,0,0,0,0,0,0,0,0,0,0,0,0,0,0,0,0,0,0,0,0,0,0,0,0,0,0,0,0,0,0,0,0,0,0,0,0,0,0,0,0,0,0,0,0,0,0,0,0,0,0,0,0,0,0,0,0,0,0,0,0,0,0,0,0,0,0,0,0,0,0,0,0,0,0,0,0,0,0,0,0
sample-193,9536,12448,5317,17308,8576,1888,488,9,2465,2,2955,3128,258,389,51,1787,11661,92,0,154,2416,3033,0,0,1910,0,1495,5,808,1296,1351,0,562,255,430,0,0,243,0,0,0,0,0,0,0,0,83,0,244,0,110,0,230,2,189,0,0,21,70,214,0,495,50,420,2817,25,16,89,0,0,421,139,12,0,12,0,0,0,0,2482,0,0,172,330,112,0,0,170,0,0,0,0,138,0,8,0,0,15,0,367,67,0,0,0,0,0,31,62,44,0,0,0,174,109,0,487,202,0,0,62,87,0,0,0,0,0,0,11,0,0,2,0,0,21,6,0,0,304,28,0,0,0,0,47,0,0,0,68,0,24,0,0,26,0,49,0,0,0,0,6,0,0,0,290,0,0,14,0,0,0,0,0,0,9,0,0,0,33,0,0,0,8,25,0,0,0,0,4,0,0,0,13,0,0,0,0,0,0,16,0,0,0,3,0,0,0,0,0,0,56,0,0,0,132,0,0,0,136,0,0,0,0,0,0,0,0,0,0,0,0,34,0,0,0,0,0,0,0,0,0,0,0,197,0,10,0,0,0,0,0,0,0,0,0,0,0,20,0,0,0,2,0,0,0,0,0,0,0,0,0,0,0,0,0,0,0,0,0,0,0,0,0,0,0,0,0,0,0,0,0,0,0,0,0,0,0,0,0,0,0,0,0,0,3,0,0,0,0,0,0,0,0,0,0,0,0,0,0,0,0,0,0,0,0,0,0,0,0,0,0,0,0,0,0,0,0,0,0,0,0,0,0,0,0,0,0,0,0,0,0,0,0,0,0,0,0,0,0,0,0,0,0,0,0,0,0,0,0,0,0,0,0,0,0,0,0,0,0,0,0,0,0,0,0,0,0,0,0,0,0,0,0,0,0,0,0,0,0,0,0,0,0,0,0,0,0,0,0,0,0,0,0,0,0,0,0,0,0,0,0,0,0,0,0,0,0,0,0,0,0,0,0,0,0,0,0,0,0,0,0,0,0,0,0,0,0,0,0,0,0
sample-195,1740,10348,6066,9742,9442,387,763,8496,2035,0,529,2286,15660,3966,0,697,2771,70,1902,1377,2096,2668,1204,0,1194,0,2275,0,515,195,4455,0,457,603,120,120,0,514,6,906,775,70,0,9,414,115,19,0,172,13,337,0,93,192,476,7,0,20,352,43,0,418,327,0,405,297,186,0,0,0,0,134,69,0,0,36,91,0,0,0,50,19,79,69,0,27,117,42,0,650,0,3,13,0,126,0,40,6,0,305,0,31,0,0,29,158,88,64,14,0,0,34,0,0,6,0,0,61,0,0,0,115,43,0,0,0,0,0,0,0,4,0,0,14,31,0,101,0,21,7,0,0,56,2,30,0,0,0,22,0,0,0,0,0,68,0,0,0,15,28,0,0,0,0,0,0,45,0,0,3,0,53,0,9,0,0,0,0,0,0,8,17,7,0,21,11,0,0,0,9,0,0,0,0,0,0,0,44,0,0,0,0,0,22,0,0,0,0,26,5,0,0,11,0,0,0,0,0,0,0,0,13,0,0,0,0,0,0,0,0,0,0,0,0,0,0,0,24,0,4,0,0,0,0,11,0,0,0,0,0,0,0,0,0,16,0,0,0,0,2,0,0,0,0,9,0,0,0,0,0,0,0,0,0,0,0,0,0,13,0,0,0,0,0,0,0,0,0,0,0,0,0,94,0,0,0,0,0,0,0,0,0,0,0,0,0,0,0,0,0,0,0,0,0,0,0,0,0,0,5,0,0,0,0,0,0,0,0,0,0,0,0,0,0,0,0,0,0,0,0,0,0,0,0,0,0,0,0,0,0,0,0,0,0,3,0,0,0,0,0,0,0,0,0,0,0,0,0,0,0,0,0,0,0,0,0,13,0,0,0,0,0,0,0,0,0,0,0,0,0,0,0,0,0,0,0,0,0,0,0,0,0,0,0,0,0,0,0,0,0,0,0,0,0,0,0,0,0,0,0,4,0,0,0,0,0,0,0,0,0,0,0,0,0,0,0,0,0,0,0,0,0,0,0,0,0,0,0,0,0
sample-197,59,4185,14075,524,7960,1355,762,10,7554,0,4448,2706,1316,1970,1686,680,870,434,0,564,1160,2198,100,54,905,4354,267,0,397,1599,2076,1598,1264,183,199,960,632,108,0,0,0,159,0,0,8,218,194,268,879,11060,80,1761,439,214,219,69,0,31,102,9,111,103,89,731,346,19,104,26,41,53,988,9,141,0,23,11,0,0,0,0,0,0,169,10,0,40,0,74,0,116,0,0,9,0,23,18,815,0,1214,202,0,0,0,0,315,124,0,197,17,0,0,33,47,6,0,33,0,30,0,15,0,0,0,0,0,0,0,0,0,0,0,0,0,14,0,0,35,0,6,0,0,0,0,4,0,32,0,0,16,0,0,0,7,0,15,0,0,0,0,0,0,0,0,0,0,0,0,0,0,2,0,0,0,0,166,0,32,0,0,0,0,0,0,0,0,6,0,3,0,0,0,0,0,0,0,0,0,0,0,0,0,0,0,0,0,0,0,0,0,0,0,0,0,0,0,0,0,0,0,0,0,8,0,0,0,0,0,0,0,0,0,12,0,0,0,0,0,0,4,0,0,0,0,0,0,0,0,0,0,5,0,0,0,0,0,0,0,0,0,0,0,0,0,0,0,0,0,0,0,0,0,0,0,0,0,0,0,0,0,0,0,0,0,0,0,0,0,0,0,0,0,0,0,0,0,0,0,0,0,0,0,0,0,0,0,0,0,0,0,0,0,0,0,0,0,0,0,0,0,0,0,0,0,0,0,0,0,0,0,0,0,0,0,0,0,0,0,0,0,0,0,0,0,0,0,0,0,0,0,0,0,0,0,0,0,0,0,0,0,0,0,0,0,0,0,0,0,0,0,0,0,0,0,0,0,0,0,0,0,0,0,0,0,0,0,0,0,0,0,0,0,0,0,0,0,0,0,0,0,0,0,0,0,0,0,0,0,0,0,0,0,0,0,0,0,0,0,0,0,0,0,0,0,0,0,0,0,0,0,0,0,0,0,0,0,0,0,0,0,0,0,0,0,0,0,0,0,0,0,0
sample-199,6402,2063,4943,61690,5752,0,13,0,3419,0,54,1712,6658,0,9,1746,0,730,131,45,0,79,0,209,2650,0,1970,28,1274,3430,697,0,1607,416,0,0,0,179,6,3,0,0,0,0,0,0,0,0,1001,0,0,0,593,0,335,3349,0,0,39,0,515,118,26,85,236,0,0,207,0,0,0,809,818,0,431,41,0,0,0,0,0,101,188,0,0,0,0,0,0,0,0,0,265,0,94,0,0,225,0,0,0,0,0,0,0,0,0,0,0,0,0,213,0,28,0,0,0,0,0,0,0,0,0,0,0,0,0,16,0,0,0,0,0,0,8,0,0,0,0,0,0,0,0,6,29,0,0,0,0,0,0,0,0,0,0,0,0,0,0,0,26,5,0,0,0,77,0,0,0,8,0,3,0,3,0,0,7,0,0,16,4,0,0,80,0,0,0,0,0,0,0,0,0,0,0,0,0,0,0,0,0,0,0,0,0,0,0,0,0,0,0,0,4,0,0,0,8,0,0,0,4,0,0,0,0,0,0,0,0,4,0,0,0,0,0,0,0,0,0,0,0,0,0,0,0,0,0,0,0,0,0,0,0,0,0,0,0,0,0,0,0,0,0,0,0,0,0,0,0,0,0,0,0,0,0,0,0,0,0,0,0,0,0,0,0,0,0,0,0,0,0,0,0,0,0,0,0,0,0,0,0,0,0,0,0,0,0,0,0,0,0,0,0,0,0,0,0,0,0,0,0,0,0,0,0,0,0,0,0,0,0,0,0,0,0,0,0,0,0,0,0,0,0,0,0,0,0,0,0,0,0,0,0,0,0,0,0,0,0,0,0,0,0,0,0,0,0,0,0,0,0,0,0,0,0,0,0,0,0,0,0,0,0,0,0,0,0,0,0,2,0,0,0,0,0,0,0,0,0,0,0,0,0,0,0,0,0,0,0,0,0,0,0,0,0,0,0,0,0,0,0,0,0,0,0,0,0,0,0,0,0,0,0,0,0,0,0,0,0,0,0,0,0,0,0,0,0,0,0,0
sample-201,328,11015,6403,4338,13657,352,382,47,4801,0,1556,3062,12585,808,8862,1934,679,15,6,254,796,3516,1311,62,1109,4,5899,21,664,494,1153,0,1609,702,66,731,48,26,0,5298,1092,0,0,39,0,51,58,0,1442,238,105,32,351,0,142,207,0,16,71,131,0,145,30,1185,402,0,65,0,10,0,0,21,53,0,995,27,0,0,0,0,3,0,317,0,0,101,0,109,0,242,0,0,27,0,142,0,0,0,0,349,0,0,0,0,0,40,16,168,147,0,0,8,0,30,5,0,0,202,0,0,0,0,0,0,0,0,0,9,0,0,8,0,0,24,19,0,71,0,29,0,6,0,0,0,13,0,0,0,18,0,0,0,10,0,61,0,0,0,0,4,0,0,12,0,0,5,22,0,0,0,0,0,0,7,0,0,0,0,0,0,7,0,0,0,0,0,0,12,0,0,0,0,0,0,0,0,0,0,0,0,0,0,2,0,0,0,28,0,0,3,0,0,5,0,0,0,0,0,0,0,0,6,0,0,0,0,0,0,0,0,4,0,0,0,0,0,0,0,0,0,2,0,0,0,13,0,0,0,0,0,0,0,0,0,0,0,0,0,0,0,0,0,0,0,0,0,0,0,0,0,0,0,0,0,0,0,0,0,0,0,0,0,0,0,0,0,0,0,0,0,0,0,0,0,0,0,0,0,0,0,0,0,0,0,0,0,0,0,0,0,0,0,0,0,0,0,0,0,0,0,0,0,0,0,0,0,0,0,0,0,0,0,0,0,0,0,0,0,0,0,0,0,0,0,0,0,0,0,0,0,0,0,0,0,0,0,0,0,0,0,0,0,0,0,0,0,0,0,0,0,0,0,0,0,0,0,0,0,0,0,0,0,0,0,0,0,0,0,0,0,0,0,0,0,0,0,0,0,0,0,0,0,0,0,0,0,0,0,0,0,0,0,0,0,0,0,0,0,0,0,0,0,0,0,0,0,0,0,0,0,0,0,0,0,0,0,0,0,0,0,0,0,0,0,0,0,0,0,0,0
sample-204,6,992,8446,1777,3509,579,72404,0,3831,3,864,821,432,662,2392,1456,1465,26,2719,24,27,820,1793,300,1043,0,589,777,425,1573,5830,0,343,84,641,149,515,312,0,1735,0,142,0,16,0,0,0,2739,147,4394,101,512,83,0,74,112,0,29,340,55,0,134,32,83,484,12,210,0,0,0,27,690,3296,0,0,70,0,0,0,0,107,62,180,8,0,14,0,17,0,0,0,0,33,2516,20,0,67,0,71,100,0,25,48,0,44,564,40,286,0,0,0,478,0,129,0,0,0,19,0,0,0,0,0,0,0,0,0,72,0,0,0,0,0,0,0,0,0,0,67,0,0,0,0,0,3,0,136,0,46,0,0,0,15,0,20,0,0,0,0,13,0,0,0,0,0,0,0,0,0,0,0,0,0,0,0,0,0,0,0,0,0,0,0,0,0,0,0,0,0,0,0,0,0,0,0,0,0,0,0,0,0,0,0,0,0,0,0,0,0,11,0,0,0,0,0,0,0,0,0,0,0,0,0,0,0,0,0,0,0,0,0,0,0,0,0,0,0,0,0,0,0,2,2,0,0,2,0,0,0,0,2,0,0,0,0,0,0,0,4,0,0,0,0,0,0,0,0,0,0,0,0,0,0,0,0,0,0,0,0,0,0,0,0,0,0,0,0,0,0,0,0,0,0,0,0,0,0,0,0,0,0,0,0,0,0,0,0,0,0,0,0,0,0,0,0,0,0,0,0,0,0,0,0,0,0,0,0,0,0,0,0,0,0,0,0,0,0,0,0,0,0,0,0,0,0,0,0,0,0,0,0,0,0,0,0,0,0,0,0,0,0,0,0,0,0,0,0,0,0,0,0,0,0,0,0,0,0,0,0,0,0,0,0,0,0,0,0,0,0,0,0,0,0,0,0,0,0,0,0,0,0,0,0,0,0,0,0,0,0,0,0,0,0,0,0,0,0,0,0,0,0,0,0,0,0,0,0,0,0,0,0,0,0,0,0,0,0,0,0,0,0,0,0,0,0,0,0,0,0,0
sample-24,40,694,2682,6796,2719,129,298,10325,9805,989,3197,562,2492,18671,137,964,2178,43,0,784,2577,814,584,238,1481,0,422,28,1051,2140,10873,0,3580,151,1150,3839,420,507,104,245,0,47,22,9,112,23,0,110,98,6517,1530,2504,178,429,127,1325,0,276,426,427,0,150,703,246,195,1355,23,42,0,695,0,194,85,0,14,6,0,0,0,0,44,32,129,44,0,15,0,19,234,0,0,0,0,0,21,0,1635,16,104,34,0,0,0,0,0,522,88,78,0,319,0,7,0,31,33,0,0,8,0,0,0,0,0,0,0,0,0,124,0,0,0,0,0,39,0,0,0,0,104,45,4,965,102,3,0,0,114,0,87,0,0,0,7,0,64,0,0,0,16,0,25,19,282,164,0,8,22,0,0,0,206,0,0,0,25,0,0,0,79,5,4,0,9,28,0,0,0,0,0,0,0,0,0,111,11,0,0,4,0,0,0,0,8,0,0,0,29,0,0,36,0,0,0,0,0,3,0,0,0,0,0,0,0,0,0,0,0,0,15,2,6,34,0,0,0,0,0,15,0,5,0,0,0,0,0,0,0,0,0,0,6,0,0,2,0,0,0,0,0,30,0,0,4,0,4,0,33,0,0,0,0,0,0,0,0,0,0,0,9,0,0,0,0,23,0,0,0,0,0,0,0,0,0,0,0,0,20,0,0,0,0,0,0,0,0,0,0,0,0,6,0,0,0,0,0,0,0,0,0,0,0,0,7,0,0,0,0,0,0,0,0,0,0,0,3,0,0,0,0,0,0,0,0,0,0,0,0,0,0,0,0,0,0,0,0,0,0,0,0,0,0,0,0,0,0,0,0,0,0,0,0,0,15,0,0,0,0,0,0,0,0,0,0,0,0,0,0,0,0,0,0,0,0,0,0,0,0,0,0,0,0,0,0,0,0,0,0,0,0,0,0,0,0,0,0,0,0,0,0,0,0,0,0,0,0,0,0,0,0,0,0,0,0,0,0,0,0,0,0,0,0,0,0,0,0,0,0,0,0,1
sample-26,129,862,5835,2686,8753,108,6,17331,23182,0,4499,895,2328,7622,865,219,272,36,125,570,5663,2504,1213,13,520,0,653,8,380,440,354,0,626,171,0,29,3093,147,0,0,0,129,0,207,0,0,2929,0,204,5762,3221,581,20,0,247,23,0,165,183,240,0,25,76,0,0,125,13,0,369,570,0,96,5,0,66,0,13,0,0,0,30,79,153,426,0,17,0,232,0,50,0,0,17,0,5,33,1661,0,86,52,0,0,33,0,0,716,88,102,0,0,0,0,0,0,0,0,0,38,0,0,0,0,0,0,0,0,0,9,116,0,3,0,0,7,0,0,26,0,7,0,0,764,0,214,0,0,0,0,0,0,0,0,0,21,107,0,0,0,0,0,16,0,0,0,0,23,0,0,0,0,0,0,0,0,0,0,0,0,0,4,9,0,0,32,172,0,0,3,0,0,0,0,0,0,13,0,0,0,0,0,0,0,14,0,0,0,0,0,0,0,0,0,0,0,0,2,2,0,0,0,0,4,0,0,0,0,0,0,0,0,0,0,0,0,0,0,0,0,0,14,5,2,0,0,6,0,0,0,0,0,0,0,0,0,0,0,0,0,0,74,0,0,0,0,0,0,6,0,0,0,9,0,0,0,0,0,0,0,0,0,0,9,0,0,0,0,0,0,0,0,0,0,0,0,0,0,13,0,0,0,0,0,0,0,0,0,0,0,0,0,0,0,0,0,0,0,0,0,0,0,0,0,0,0,0,0,0,0,0,0,0,0,0,0,0,0,0,0,0,0,0,0,0,0,0,0,0,0,0,0,0,0,11,0,0,0,0,0,0,0,0,0,0,0,0,0,0,0,0,0,0,0,0,0,0,0,4,0,0,0,0,0,0,0,0,0,0,0,0,0,0,0,0,0,0,0,0,0,0,0,0,0,0,0,0,0,0,0,0,5,0,0,0,0,0,0,0,0,0,0,0,0,0,0,0,0,0,0,0,0,3,0,0,0,0,0,0,0,0,0,0,0,0,0,0,0,0,0,0,1
sample-28,6362,1415,221,17212,4685,141,20681,17,11630,7275,3667,2287,1691,1560,4047,157,2920,51,9002,310,5403,484,1071,94,743,0,2775,483,2207,6751,5573,0,83,6256,802,600,3024,1690,47,0,488,409,129,40,105,0,0,1583,362,14508,884,100,449,192,95,52,1325,219,604,481,267,143,309,711,194,1309,2280,0,119,136,0,271,166,0,3445,3,26,0,170,882,8,14,138,68,35,0,167,120,0,893,0,0,0,156,0,18,7690,0,14,90,296,0,0,0,548,529,36,48,129,0,626,12,305,550,36,0,0,6,0,164,0,67,0,1011,0,8,227,37,0,0,12,52,0,22,7,0,0,552,48,15,0,0,352,49,0,2177,0,0,61,0,0,0,0,6,157,0,0,0,32,3,0,0,76,443,0,0,88,0,0,0,16,5,0,3,0,0,0,0,308,0,6,0,10,0,38,0,0,34,0,0,0,0,0,0,28,0,0,0,20,0,0,0,26,0,0,0,2,0,0,56,0,0,0,0,0,0,0,0,0,0,0,0,0,0,0,32,334,0,0,0,0,0,0,0,0,0,0,5,11,6,0,0,0,0,0,0,0,0,0,3,0,0,0,3,0,0,0,0,0,132,0,0,7,0,0,0,0,0,47,0,11,0,0,0,0,0,0,0,0,0,0,0,0,0,0,0,0,0,0,0,0,0,0,0,0,11,44,0,0,0,0,0,0,0,0,0,0,11,0,0,0,0,0,0,0,0,0,0,0,0,0,0,0,0,0,0,0,0,0,0,0,2,0,0,0,0,0,0,0,0,0,0,0,0,0,0,0,0,0,0,0,0,0,0,0,0,0,0,0,0,0,0,0,0,0,0,0,0,0,0,0,0,0,0,0,0,0,0,0,0,0,0,0,0,0,0,0,0,0,0,0,0,0,0,0,0,0,0,0,0,0,0,0,0,0,0,0,0,0,0,0,0,0,0,0,0,0,0,0,0,0,0,0,0,0,0,0,0,0,0,0,0,0,0,0,0,0,0,0,0,0,0,0,0,0,0,0,0,0,1
sample-29,276,1896,5875,2702,674,2,6911,2744,1827,8,12331,517,3140,2804,16,199,16306,299,4323,499,5904,251,105,353,124,0,314,636,221,1023,3632,0,625,1027,3253,55,150,1256,0,0,156,322,1403,0,2025,0,0,4379,53,25022,795,78,41,383,26,1499,0,511,81,708,356,202,1140,249,13,14,146,0,278,244,0,42,39,0,59,0,195,0,0,0,4,18,70,73,0,13,0,629,0,274,0,0,10,0,0,536,4686,14,9,0,0,0,0,0,59,446,22,29,0,0,0,19,0,64,0,0,0,740,0,12,14,24,0,0,0,0,0,35,0,1046,0,0,0,104,8,0,10,0,21,0,9,0,96,9,4,0,7,0,16,0,0,0,0,0,186,0,0,0,0,0,5,22,19,0,0,2,0,0,0,0,0,16,0,9,0,0,0,0,0,4,0,0,13,5,0,0,8,0,0,0,0,0,0,0,0,0,0,0,0,0,0,0,11,0,0,0,0,0,0,0,0,0,0,0,0,0,0,0,0,0,0,0,0,0,0,0,0,0,0,0,0,5,0,0,0,0,0,0,0,0,0,0,0,0,0,0,0,0,0,0,0,0,0,0,0,0,0,0,0,47,0,0,0,0,39,0,0,0,0,0,0,0,0,0,0,0,0,0,0,0,0,0,0,14,0,0,0,0,0,0,0,0,0,0,0,0,19,0,0,0,0,0,0,0,0,0,0,0,0,0,0,0,0,0,0,0,0,0,0,0,0,0,0,0,0,0,0,0,0,0,0,7,0,0,0,0,0,0,0,0,0,0,0,0,0,0,0,0,0,0,0,0,0,0,0,0,0,0,0,0,0,0,0,0,0,0,0,4,0,0,0,0,0,0,0,0,0,0,0,0,0,0,2,0,0,0,0,0,0,0,0,0,0,0,0,0,0,0,0,0,0,0,0,0,0,0,0,0,0,0,0,4,0,0,0,0,0,0,0,0,0,0,0,0,0,0,0,0,0,0,0,0,0,0,0,0,0,0,0,0,0,0,0,0,0,0,0,0,0,1
sample-32,236,163,4923,33926,3229,1261,6,949,19338,0,6545,1259,3070,1062,3424,1069,2377,0,4211,529,2013,1654,1986,164,1102,0,579,6,348,786,3331,0,389,3489,647,575,1244,1238,0,0,0,342,0,12,0,0,669,0,339,17,1013,2086,579,0,83,162,0,426,433,3807,0,163,134,34,35,141,144,0,47,660,0,42,51,0,79,0,0,0,2200,0,312,86,44,168,53,6,0,671,0,1714,0,0,74,0,15,0,0,0,268,34,0,0,0,0,0,273,54,51,22,0,0,371,0,44,6,0,37,0,0,0,0,273,0,0,0,0,0,79,10,0,0,0,0,8,2,0,0,0,8,10,4,0,0,10,0,0,17,0,182,6,129,0,10,59,83,0,0,0,0,72,0,0,0,0,0,0,238,0,0,0,28,13,0,14,0,0,0,0,0,0,19,0,0,0,0,0,9,0,0,0,0,0,0,0,0,0,0,0,0,0,0,0,5,0,0,0,0,0,0,0,0,0,0,0,0,0,0,0,0,0,0,0,0,0,0,0,0,0,0,0,0,4,0,0,0,0,0,0,0,12,0,0,0,0,0,0,0,0,0,0,0,0,0,3,0,0,7,0,0,93,0,0,0,0,0,0,0,0,0,0,7,0,0,0,0,0,0,0,0,0,0,0,0,0,0,0,0,0,0,3,0,0,0,0,0,0,34,0,0,0,0,0,0,0,0,0,0,0,0,0,0,0,0,0,0,0,0,0,0,0,0,0,0,0,0,0,0,0,0,0,0,0,0,0,0,0,0,0,0,0,0,0,0,0,0,0,0,0,0,0,0,0,0,0,0,0,0,0,0,0,0,0,0,0,0,0,0,0,0,0,0,0,0,0,0,0,0,0,0,0,0,0,0,0,0,0,0,0,0,0,0,0,0,0,0,0,0,0,0,0,0,0,0,0,0,0,0,0,0,0,0,0,0,0,0,0,0,0,0,0,0,0,0,0,0,0,0,0,0,0,0,0,0,0,0,0,0,0,0,0,0,0,0,0,0,0,0,0,0,1
sample-33,24,2531,550,1808,3359,195,4,315,1333,0,3772,476,856,1920,431,376,5920,230,6,46,1581,2222,500,38,897,0,570,78,397,202,356,0,1148,634,292,257,201,18,6579,0,672,303,12,0,0,71,180,0,153,7938,423,1235,65,0,147,0,0,189,52,5,0,254,42,117,0,182,183,0,746,9,0,68,12,0,139,0,382,0,3087,0,8,0,0,20,36,21,0,45,69,125,0,0,0,0,23,138,138,12,10,41,0,3070,0,0,978,122,29,209,0,0,0,30,107,0,0,0,0,8,0,0,0,16,0,0,58,0,0,32,0,0,0,12,0,6,0,0,5,0,3,0,6,0,0,46,4,0,0,0,10,0,0,0,6,13,54,15,0,0,0,4,0,0,0,0,0,0,44,0,0,0,27,0,0,11,0,0,0,0,85,0,0,0,0,0,0,0,0,0,0,0,0,0,0,0,0,0,0,0,0,0,0,0,5,6,0,0,0,104,0,3,0,0,0,0,0,0,0,0,0,0,0,0,0,0,0,10,0,0,0,0,0,0,0,0,0,0,0,0,0,0,0,0,0,0,0,0,0,0,0,0,0,0,0,28,0,0,0,0,0,112,0,0,0,0,0,0,8,0,0,0,0,0,0,0,0,0,0,0,0,0,0,0,0,0,0,0,0,0,0,8,0,0,0,0,0,0,20,0,0,0,0,0,0,0,0,0,0,28,0,0,0,0,0,0,0,0,0,0,0,0,0,0,0,0,0,0,0,0,0,0,0,6,0,0,0,0,0,0,0,0,0,0,0,0,0,0,0,0,0,0,0,0,0,0,0,0,0,0,0,0,0,0,0,0,0,0,0,0,0,0,0,0,0,0,0,0,0,0,0,0,0,0,0,0,0,0,0,0,0,0,0,0,0,0,0,0,0,0,0,0,0,0,0,0,0,0,0,0,0,0,0,0,0,0,0,0,0,0,0,0,0,0,0,0,0,0,0,0,0,0,2,0,0,0,0,0,0,0,0,0,0,0,0,0,0,0,0,0,0,1
sample-34,15465,0,3598,700,865,266,0,511,26272,0,1972,173,0,1100,1497,241,934,23,0,58,2781,460,561,0,120,0,205,17,136,227,167,0,476,78,1125,232,170,0,0,0,0,135,0,0,0,0,0,246,141,157,3586,28,1527,0,93,5,0,1033,39,59,0,45,698,9,48,21,0,0,318,150,0,0,0,0,21,10,3,0,0,0,4,6,0,10,0,6,0,14,0,74,0,0,0,75,5,0,525,0,0,43,6,0,0,0,0,28,6,9,0,0,0,0,0,0,14,0,3,7,0,0,0,0,0,0,0,0,0,0,0,0,0,0,0,9,0,0,0,0,0,0,0,0,50,34,0,0,0,2,5,0,0,0,0,4,9,0,0,0,0,0,0,23,0,0,0,0,3,0,0,3,0,0,0,0,0,0,0,0,0,0,0,0,19,0,3,0,0,0,0,0,0,3,0,0,0,0,0,0,0,0,0,0,21,0,0,0,6,0,0,0,0,0,0,0,0,0,0,0,0,0,0,0,0,0,0,0,0,0,0,0,0,0,0,0,0,0,0,0,0,29,11,0,0,0,0,0,0,0,0,0,0,0,0,0,0,0,0,0,0,561,0,0,0,0,0,0,0,0,0,0,0,0,0,0,0,0,0,0,0,0,0,0,0,0,0,0,0,0,0,0,0,0,0,0,0,0,213,0,0,0,0,0,0,0,0,0,0,0,0,0,0,0,0,0,0,0,0,0,0,0,0,0,0,0,0,0,0,0,0,0,0,0,0,0,0,0,0,6,0,0,0,0,0,0,0,0,0,0,0,0,0,0,0,0,0,0,0,0,0,0,0,0,0,0,0,0,0,0,0,0,0,0,0,0,0,0,0,0,0,0,0,0,0,0,0,0,0,0,0,0,0,0,0,0,0,0,0,0,0,0,0,0,0,0,0,0,0,0,0,0,0,0,0,0,0,0,0,0,0,0,0,0,0,0,0,0,0,0,0,0,0,0,0,0,0,0,0,0,0,0,0,0,0,0,0,0,0,0,0,1
sample-35,12658,127,25,28704,843,7034,10,5,6930,0,13,484,168,0,251,0,0,3397,12886,1118,13,10,0,1983,136,238,4921,591,0,0,2736,0,0,342,0,0,153,6,0,15,0,55,0,0,5,0,5,0,239,0,0,0,0,0,65,0,0,0,0,0,0,130,7,31,880,0,0,967,31,0,0,0,0,0,0,0,0,4,0,0,59,52,88,119,0,0,0,0,0,0,0,0,739,0,6,0,0,8261,0,0,0,0,0,0,0,0,133,0,0,0,0,808,0,0,0,0,102,0,21,959,0,0,0,0,0,0,0,0,0,0,6,0,0,0,0,0,0,0,0,0,370,0,0,103,0,0,45,0,0,209,0,0,0,0,0,0,0,0,0,0,0,15,0,0,0,0,0,0,0,23,0,5,0,0,0,0,226,0,0,0,0,0,0,308,0,0,0,43,0,0,0,0,0,0,0,0,0,0,0,0,0,0,0,0,0,0,0,0,0,0,0,0,0,0,0,0,0,0,0,0,0,0,0,0,0,2,0,0,0,0,0,0,0,0,0,0,0,0,0,0,147,0,0,0,0,0,0,0,0,0,0,0,0,0,0,0,0,0,6,0,0,0,0,0,0,0,0,0,0,0,0,0,0,0,0,0,0,0,0,152,0,0,0,0,0,0,86,0,12,0,0,0,0,0,0,0,0,0,0,0,0,0,5,0,0,0,0,0,0,0,0,0,0,0,0,0,0,0,25,0,0,0,0,0,0,0,0,0,0,0,4,0,0,0,0,0,3,0,0,0,0,0,0,0,0,0,0,0,0,0,0,0,0,0,0,0,6,0,0,0,0,0,0,0,0,0,0,0,0,0,0,0,0,0,0,0,0,0,0,0,0,11,0,0,10,0,0,0,0,0,0,0,0,0,0,0,0,0,0,0,0,0,0,0,0,0,0,0,0,0,5,0,0,0,0,0,0,0,0,0,0,0,0,0,0,0,0,0,0,0,0,0,0,0,0,0,0,0,0,0,0,0,0,0,0,0,0,0,0,1
sample-36,10228,1469,2741,41787,334,408,0,1788,446,54,384,147,663,23,8481,379,866,12,9692,10,1182,10,0,12,87,9972,172,5,146,175,265,0,72,1648,7,88,44,1771,0,0,0,7,7,2952,0,0,0,0,0,0,23,0,34,0,12,8,0,14,0,0,0,397,31,43,209,92,0,0,35,0,5387,22,50,0,19,0,0,0,0,0,906,0,0,602,13,7,0,0,0,0,0,0,140,0,0,0,0,0,8,0,0,0,7,0,0,0,914,0,0,0,0,1846,0,0,0,0,0,0,169,56,0,0,0,0,0,0,0,1025,17,0,0,0,0,0,7,0,0,0,0,0,0,0,0,8,0,0,49,0,0,136,0,0,0,113,13,0,0,0,13,30,0,0,0,0,0,45,0,0,0,4,0,0,0,0,0,0,0,667,0,5,2,0,0,36,0,0,0,0,0,0,0,15,0,0,12,0,0,0,10,0,0,0,28,0,0,0,0,0,0,0,0,0,0,36,0,2,0,0,0,7,0,0,0,0,0,4,0,0,0,7,0,50,0,0,0,0,0,0,0,0,0,16,0,4,0,0,0,0,0,0,0,0,0,0,0,0,9,0,0,4,0,0,0,0,0,0,0,0,0,0,0,0,0,0,0,0,0,0,0,0,0,0,0,0,0,0,0,0,0,0,0,0,0,0,0,0,13,0,0,0,0,0,0,0,0,0,0,0,0,0,0,0,0,0,0,0,0,0,0,0,0,0,0,0,0,0,0,0,0,0,0,0,0,0,0,0,0,0,0,0,0,0,0,0,0,0,0,0,0,0,0,0,0,0,0,0,0,0,0,0,0,0,0,0,0,0,0,0,0,0,0,0,0,0,0,0,0,0,0,0,0,0,0,0,0,0,0,0,0,0,0,0,0,0,0,0,0,0,0,0,0,0,0,0,0,0,0,0,0,0,0,0,0,0,0,0,0,0,0,0,0,0,0,0,0,0,0,0,0,0,0,0,0,0,0,0,0,0,0,0,0,0,0,0,0,0,0,0,0,1
sample-37,16770,2664,1093,26367,1571,5728,38,10,1374,7,10929,222,6,33,4452,273,1031,675,21,120,1201,262,128,71,162,7,766,0,0,166,20907,0,172,281,783,515,9,610,0,0,0,88,6,24,0,0,6,0,0,58,0,0,6,38,0,98,0,180,9,0,0,1556,982,1369,1174,55,194,2861,0,224,0,0,26,0,31,8,0,0,0,0,975,104,10,1708,9,70,0,8,0,0,0,0,1035,9,13,0,0,11,0,0,0,0,137,0,0,0,323,0,0,0,0,38,215,29,3,0,352,0,0,0,0,34,0,0,0,0,0,1520,1330,0,0,0,0,20,26,281,0,0,0,19,4,0,0,369,26,0,0,2,130,2507,19,0,0,263,104,0,0,17,0,8,0,16,85,0,0,0,98,0,0,97,0,36,0,0,0,52,0,189,0,3,0,47,10,0,32,14,50,0,0,3,0,22,0,0,0,0,0,0,31,0,89,0,372,0,0,0,0,0,0,0,0,0,5,0,0,5,4,0,0,0,0,0,0,0,0,20,0,0,0,0,15,0,0,0,0,0,0,0,0,5,0,79,0,0,9,0,0,0,0,6,0,0,0,0,15,0,57,0,0,7,0,0,0,0,0,0,0,0,0,0,0,0,0,0,0,0,0,0,0,0,0,0,0,0,0,0,5,0,0,0,0,0,0,0,0,0,6,0,0,0,0,0,0,0,0,0,0,0,0,0,0,0,0,0,0,0,0,5,0,4,0,0,0,0,0,3,0,0,0,0,0,0,0,0,0,0,0,0,0,0,0,0,0,0,0,0,0,0,0,0,0,0,0,0,0,0,0,14,0,0,0,0,0,0,0,0,0,0,0,0,0,0,0,0,0,0,0,0,0,0,0,0,0,0,0,0,0,0,0,0,0,0,0,0,0,0,0,0,0,0,0,0,0,0,0,0,0,0,0,0,0,0,0,0,0,0,0,0,0,0,0,0,0,0,0,0,0,0,0,0,0,0,0,0,0,0,0,0,0,0,0,0,0,0,0,0,0,0,0,1
sample-40,22640,2171,6907,1248,8478,451,0,198,2933,0,5196,1791,1074,327,2917,252,7195,18,17,11481,319,3539,272,1156,1566,0,691,110,322,150,1065,0,838,175,527,1079,1106,24,0,95,0,352,32,0,0,1514,7,0,191,5424,333,21,17,14,105,70,0,84,14,556,2027,171,422,392,142,10,6,0,14,0,0,17,123,0,7,0,0,0,0,6,6,42,190,18,240,84,0,86,0,12,0,585,0,55,66,0,1656,4935,21,234,1487,0,0,0,226,46,0,28,0,0,4,0,65,0,18,1873,94,0,0,8,0,24,0,7,0,0,0,46,0,9,13,135,0,19,41,0,0,0,0,12,3756,0,0,0,30,0,0,0,5,0,0,0,0,0,46,0,0,0,0,0,18,647,11,3,0,33,0,0,0,0,56,0,0,92,0,0,0,0,0,2,0,0,6,0,0,0,0,0,0,0,0,0,0,282,0,302,0,24,0,0,0,0,0,0,0,0,11,0,0,0,0,0,3,0,0,0,2,0,0,0,0,5,0,0,0,0,0,0,25,0,12,0,0,0,0,0,0,0,0,0,7,0,0,0,0,0,0,0,0,0,0,0,0,4,0,0,0,0,0,7,0,0,0,0,0,0,0,0,0,0,0,0,0,0,0,0,0,0,0,0,0,4,0,0,0,0,0,0,0,0,0,0,0,0,0,0,3,0,0,0,0,0,0,0,0,0,0,0,0,0,0,0,0,0,0,0,0,0,0,0,0,0,0,0,0,0,0,2,0,0,0,0,0,0,0,0,0,0,0,0,0,0,0,0,0,0,0,0,0,0,0,0,0,0,0,0,11,0,0,0,0,0,0,0,0,0,0,0,0,0,0,0,0,0,0,0,2,0,0,0,0,0,0,0,0,0,0,0,0,0,0,0,0,0,0,0,0,0,0,0,0,0,0,0,0,0,0,0,0,0,0,0,0,0,0,0,0,0,0,0,0,0,0,0,0,0,0,0,0,0,0,0,0,0,0,0,0,0,0,0,0,0,0,0,0,0,0,0,0,1
sample-44,10860,367,8219,226,690,56,17811,0,1157,5743,10576,297,0,2894,697,39,6050,29987,1553,692,3959,25,629,833,0,34,379,4,154,969,960,0,6,28,324,82,90,45,71,0,2513,25,4389,0,285,169,5033,621,17,489,714,79,0,15,55,55,35,884,89,8,967,488,88,60,13,237,6,0,90,43,0,14,42,0,0,74,0,352,0,34,0,0,39,35,0,0,2295,161,78,22,0,0,0,0,8,0,0,10,0,40,55,0,0,9334,0,166,20,7,0,116,164,8,0,12,37,0,0,17,8,0,0,27,0,556,0,0,167,9,0,0,153,0,0,159,2,0,95,27,0,48,0,0,38,0,0,0,0,216,6,4,0,22,0,0,42,0,0,0,6,0,6,0,25,0,0,2,6,0,0,0,0,5,227,0,0,0,0,15,0,0,0,0,23,6,0,0,0,0,0,0,0,0,0,0,0,0,676,0,0,82,0,0,0,0,0,49,5,0,0,6,0,0,0,0,0,0,0,0,0,0,0,0,0,0,273,0,0,56,0,0,0,8,0,0,0,0,0,0,0,5,8,0,62,0,0,0,0,0,0,0,0,0,0,8,3,0,0,0,0,77,5,142,0,6,0,0,0,0,0,0,0,0,0,0,0,0,0,0,0,0,0,0,0,0,0,0,0,0,0,0,0,0,0,0,2,0,59,0,0,0,0,0,0,0,0,0,0,0,0,0,14,0,0,0,0,0,0,0,0,0,0,0,0,0,0,0,0,0,0,0,0,2,0,0,0,0,2,0,0,0,0,0,0,0,0,0,0,0,0,0,0,0,0,0,0,0,0,0,0,0,0,0,0,0,0,0,0,0,0,0,0,0,0,0,0,0,0,0,0,0,0,0,0,0,0,0,0,0,0,0,0,0,0,0,0,0,0,0,0,0,0,0,0,0,0,0,0,0,0,0,0,0,0,0,0,0,0,0,0,0,0,0,0,0,0,0,0,0,0,0,2,0,0,0,0,0,0,0,0,0,0,0,0,0,0,0,0,0,0,1
sample-45,3264,787,3864,10964,382,8,14058,13,1935,0,3776,247,359,863,408,44,2687,196,18279,857,1283,101,141,567,85,0,258,26,24,8236,1251,0,107,168,532,39,61,1001,104,0,793,14,12,0,1827,0,12039,105,30,3912,479,898,12,39,11,537,0,408,85,44,371,33,277,73,7,59,10,0,0,42,0,0,72,0,9,42,0,0,264,30,5,0,40,45,48,0,7,105,0,21,64,0,0,946,5,0,1884,0,0,0,196,0,13,0,224,216,11,15,0,0,8,0,0,34,0,433,0,157,38,14,7,0,109,0,0,0,0,37,0,16,0,4,0,62,20,0,0,0,13,44,0,0,0,0,0,0,0,0,0,0,0,0,0,4,30,0,192,0,19,0,0,18,7,17,66,3,0,0,0,0,0,0,0,106,0,0,0,0,19,0,0,0,7,5,0,0,0,7,0,0,0,0,0,27,0,0,0,0,0,0,0,0,0,0,0,0,0,0,0,36,0,0,2,0,0,0,0,0,0,0,0,21,0,0,0,0,0,0,0,0,0,6,0,0,0,0,0,0,0,16,6,0,0,0,0,0,0,0,0,0,6,0,0,6,7,0,0,0,0,76,0,0,0,2,0,0,2,0,0,0,0,0,0,0,0,0,0,0,0,0,0,0,0,0,0,0,0,0,0,0,0,0,0,0,0,0,68,0,0,0,0,0,0,0,0,0,0,0,0,0,0,0,0,0,0,0,0,0,0,0,0,0,0,0,0,0,0,0,0,0,0,0,0,0,0,10,0,0,0,0,0,0,0,0,0,0,0,0,0,0,0,0,0,0,0,0,0,0,0,0,0,0,0,0,0,0,0,0,0,0,0,0,0,0,0,0,0,0,0,0,0,0,2,0,0,0,0,0,0,0,0,0,0,0,0,0,0,0,0,0,0,0,0,0,0,0,0,0,0,0,0,0,0,0,0,0,0,0,0,0,0,0,0,0,0,0,0,0,0,0,0,0,0,0,0,0,0,0,0,0,0,0,0,0,0,0,0,0,0,1
sample-47,1799,2115,1477,68,2109,111,5508,0,1663,0,1132,1693,49,573,1880,149,2314,3927,2149,3723,2136,174,433,1433,53,1277,616,180,642,621,1165,0,9,0,302,215,130,14,2221,0,434,195,1063,0,639,168,3080,133,235,681,216,362,15,20,17,122,108,52,70,147,104,41,362,44,0,31,0,0,0,17,13,36,46,481,372,1070,0,23,32,0,0,31,61,9,0,0,1652,62,31,0,239,0,0,0,93,15,124,10,0,262,118,0,0,0,47,33,5,81,56,0,45,0,0,39,0,127,0,0,0,34,0,3,0,13,0,0,0,13,0,69,0,0,0,46,33,0,52,46,0,153,0,0,45,0,8,0,0,89,21,0,0,5,19,0,14,0,0,0,0,0,0,0,76,0,0,0,0,0,0,0,0,2,0,53,0,0,0,0,17,0,0,0,40,8,0,0,0,10,0,0,0,0,0,0,0,19,0,0,0,0,0,0,0,0,0,26,0,0,0,0,0,0,0,0,0,0,0,0,0,0,0,0,0,0,0,0,0,20,4,0,0,0,0,0,0,0,0,4,0,0,4,0,0,0,0,0,0,0,0,17,0,0,0,0,0,7,0,0,0,0,0,0,5,137,0,0,0,0,0,0,0,0,0,0,0,0,0,0,0,0,0,0,0,0,0,0,0,0,0,0,0,0,0,0,0,0,0,0,0,0,0,0,0,0,0,7,0,0,0,0,0,0,0,0,0,0,0,0,0,0,0,0,0,0,0,0,0,0,0,0,0,0,0,0,0,0,0,0,3,0,0,0,0,0,0,0,0,0,0,0,0,0,0,0,0,0,0,0,0,0,0,0,0,0,0,0,0,0,0,0,0,0,0,0,0,0,3,0,0,2,0,0,0,0,0,0,0,0,0,0,0,0,0,0,0,0,0,0,0,0,0,0,0,0,0,0,0,0,0,0,0,0,0,0,0,0,0,0,0,0,0,0,0,0,0,0,0,0,0,0,0,0,0,0,0,0,0,0,0,0,0,0,0,0,0,0,0,0,0,1
sample-48,124,19442,870,895,11862,813,1636,468,4431,7370,845,3271,0,2081,8218,1333,2743,210,0,1862,890,3323,260,439,988,0,3867,542,184,587,1105,422,401,22,857,257,1157,26,113,0,4546,2397,4074,0,1031,543,120,288,2418,6928,317,10,0,7,71,52,1663,0,35,46,1427,141,159,0,41,5395,5,0,1462,13,0,504,32,0,0,1210,155,0,0,0,55,87,296,38,0,14,443,1523,100,0,0,776,24,0,308,0,233,0,0,836,125,0,0,0,55,405,8,321,24,0,118,12,0,11,52,240,0,12,0,0,0,0,0,0,0,0,0,178,0,0,882,0,99,6,82,0,242,0,0,12,7,0,0,0,50,0,0,0,0,0,0,13,0,0,125,0,0,0,0,0,0,0,5,0,0,0,0,0,0,0,0,12,0,23,0,0,0,0,52,0,0,0,5,0,0,17,0,47,0,0,34,0,0,0,0,0,68,0,0,0,0,0,0,0,0,0,0,2,0,6,0,0,7,0,0,6,0,0,0,0,0,0,0,0,13,0,0,0,0,0,9,0,0,0,0,0,0,0,0,4,6,0,0,0,0,0,0,0,0,0,0,0,0,0,0,0,0,0,34,0,7,0,5,0,0,37,17,0,0,0,0,0,0,0,0,0,0,0,0,0,0,0,4,14,0,0,0,0,0,0,0,20,0,0,0,0,0,0,0,0,0,13,0,0,0,0,0,0,0,0,0,0,0,10,0,0,0,0,0,0,0,0,0,0,0,21,0,0,0,8,0,0,0,0,0,0,0,0,0,0,0,0,0,0,0,0,0,0,0,0,0,0,0,0,0,0,0,0,0,0,0,0,0,0,0,0,0,0,0,0,0,0,0,0,0,0,0,0,0,0,0,0,0,0,0,0,0,0,0,0,0,0,0,0,0,0,0,0,0,0,0,0,0,0,0,0,0,0,0,0,0,0,0,0,0,0,0,0,0,0,0,0,0,0,0,0,0,0,0,0,0,0,0,0,0,0,0,0,0,0,0,0,0,0,0,0,0,0,0,1
sample-52,26137,11,27,4294,7723,1311,0,841,17242,0,0,2864,16813,0,1463,2600,0,144,0,387,195,0,0,702,732,0,1440,148,0,3033,171,0,3,76,0,415,637,211,0,0,0,221,0,0,0,1884,121,0,0,0,0,0,0,0,236,0,0,10402,0,0,0,536,15,291,90,22,0,546,36,0,0,0,0,0,0,3,172,0,0,0,0,8,13,151,0,172,0,74,0,0,0,0,17,0,13,0,0,45,0,0,0,4,0,0,0,0,53,37,0,0,0,0,75,0,41,0,629,0,750,5,0,0,0,0,0,0,0,2,0,0,0,0,0,0,0,0,0,0,0,0,0,0,0,124,20,0,0,0,0,66,63,0,0,0,53,0,0,0,0,0,9,0,0,0,0,3,0,0,0,110,0,19,0,9,0,0,0,0,0,2,0,8,0,2,0,0,0,8,0,0,0,0,0,0,0,0,0,520,111,0,0,0,37,0,0,0,0,0,0,0,0,6,11,0,0,2,7,0,0,0,0,0,0,0,0,4,0,0,0,7,0,5,0,0,0,0,0,0,0,0,0,0,15,0,0,0,0,0,0,0,0,0,0,0,0,0,0,0,0,0,0,0,32,0,0,0,0,0,0,0,0,0,0,0,0,0,0,0,0,0,0,0,0,0,0,0,0,0,0,0,0,0,0,0,0,0,0,0,0,0,0,0,0,0,0,0,0,0,0,0,0,0,0,0,0,0,0,0,0,0,0,0,0,0,0,0,0,0,0,0,0,0,0,0,0,0,0,0,0,0,0,0,0,0,11,0,0,0,0,0,0,0,0,0,0,0,0,0,0,0,0,0,0,0,0,0,0,0,0,0,0,0,0,0,0,0,0,0,0,0,0,0,0,0,0,0,0,0,0,0,0,0,0,0,0,0,0,0,0,0,0,0,0,0,0,0,0,0,0,0,0,0,0,0,0,0,0,0,0,0,0,0,0,0,0,0,0,0,0,0,0,0,0,0,0,0,0,0,0,0,0,0,0,0,0,0,0,0,0,1
sample-54,482,10348,4591,141,6019,1625,212,119,10545,0,9129,3026,313,18903,30091,2878,4424,4049,0,90,3627,529,1742,37,110,2099,884,48,4231,1114,5746,145,335,23,267,123,4174,3,3,0,0,1061,155,0,422,243,4,49,217,13264,1809,719,683,51,291,0,0,436,78,58,481,28,1461,461,39,340,0,0,1014,319,0,2282,276,0,0,38,2525,0,0,0,24,35,334,28,389,151,36,208,304,0,37,0,6,141,43,790,872,10,0,326,232,0,0,0,541,1280,304,236,1163,0,243,0,127,17,34,11,0,19,0,16,0,0,0,0,0,0,0,85,0,0,0,161,92,90,14,190,120,10,37,112,0,0,123,0,0,0,0,0,34,0,0,0,50,0,135,174,0,0,17,0,0,0,14,11,0,0,0,33,0,0,67,0,0,13,0,372,0,0,0,0,0,0,11,0,0,0,0,0,0,0,0,0,0,0,9,0,0,0,0,444,0,172,13,272,0,0,0,0,0,41,0,0,0,0,0,0,0,0,21,0,0,0,14,0,0,0,0,0,0,0,0,0,0,0,0,0,0,0,4,11,0,0,0,0,0,0,0,0,0,0,0,0,0,0,24,0,0,0,0,0,6,0,4,0,0,0,0,40,0,0,0,0,0,0,0,0,0,0,0,0,0,0,0,0,0,0,0,0,0,0,0,0,0,0,0,0,0,0,0,0,0,0,0,0,0,5,0,0,0,0,0,0,0,0,4,0,0,0,0,0,0,0,0,0,0,0,0,0,0,0,0,0,0,0,0,0,0,0,0,0,0,0,0,0,0,0,0,0,0,0,0,0,0,0,0,0,0,0,0,0,0,0,0,0,0,0,0,0,0,0,0,0,0,0,0,0,0,0,0,0,0,0,0,0,0,0,0,0,0,0,0,0,0,0,0,0,0,0,0,0,0,0,0,0,0,0,0,0,0,0,0,0,0,0,0,0,0,0,0,0,0,0,0,0,0,0,0,0,0,0,0,0,0,0,0,0,0,0,0,0,0,0,0,0,0,0,0,0,0,1
sample-55,1321,7971,59,504,4667,415,87,49,1029,0,2719,1450,1497,1114,2235,645,265,1243,0,297,452,537,137,58,336,2604,1197,11,915,647,947,0,406,66,205,106,657,26,3,0,0,1466,143,0,7,12,0,169,300,0,140,271,22,67,125,0,0,0,40,60,562,9,207,106,0,62,18,0,47,135,0,8,0,0,11,14,1176,0,0,0,17,0,169,15,193,227,82,125,0,0,804,0,11,3233,24,58,0,14,0,212,286,0,7,0,0,118,0,152,76,0,0,0,148,49,25,45,30,0,0,7,0,0,0,0,0,99,0,10,0,0,11,0,9,13,0,47,0,3,0,39,0,0,0,0,0,0,0,0,0,0,0,0,0,0,56,83,0,0,0,0,0,0,0,0,0,0,2,0,0,0,0,0,0,0,0,465,0,0,0,4,4,0,0,0,2,0,0,0,0,0,0,0,0,0,0,0,0,0,0,16,0,24,0,5,0,0,0,0,0,0,8,0,0,0,0,5,4,0,98,0,0,0,0,0,0,0,0,0,0,0,0,0,0,0,0,0,0,0,0,0,0,0,0,0,0,0,0,0,0,3,0,0,0,0,0,0,0,0,0,0,0,0,3,0,0,0,0,0,0,0,0,0,0,0,0,0,0,0,0,0,0,0,0,0,0,0,0,0,0,0,0,0,0,0,0,0,0,0,0,0,0,0,0,0,0,0,0,0,0,0,0,0,0,0,0,0,0,0,0,0,0,0,0,0,0,0,0,0,0,0,0,0,0,0,0,0,0,0,0,0,0,0,0,0,0,0,0,0,0,0,0,0,0,0,0,0,0,0,0,0,0,0,0,0,0,0,0,0,0,0,0,0,0,0,0,0,0,0,0,0,0,0,0,0,0,0,0,0,0,0,0,0,0,0,0,0,0,0,0,0,0,0,0,0,0,0,0,0,0,0,0,0,0,0,0,0,0,0,0,0,0,0,0,0,0,0,0,0,0,0,0,0,0,0,0,0,0,0,0,0,0,0,0,0,2,0,0,0,0,1
sample-56,3062,12779,262,3387,6125,3330,169,1261,13884,0,3602,1441,2108,16256,12982,581,4992,838,0,209,6015,1082,6747,22,92,2998,1115,0,485,351,3090,41,191,735,1195,378,460,49,0,0,0,58,143,0,312,0,0,343,154,5384,3940,0,148,1271,101,143,0,149,149,390,493,190,375,41,142,419,184,0,48,70,0,69,75,0,0,35,601,0,370,0,27,7,241,42,280,71,297,116,140,107,15,0,11,1528,0,16,69,0,0,108,48,0,0,0,242,644,270,95,2001,0,0,15,157,99,0,250,25,15,0,53,0,0,0,0,0,15,0,4,0,0,0,172,140,17,0,533,48,30,0,33,4,0,183,0,0,0,10,0,89,10,0,0,19,6,189,303,0,0,6,0,0,0,0,0,0,0,13,0,0,0,6,0,0,26,0,445,0,0,0,6,0,0,8,49,4,0,0,0,0,0,0,0,0,0,55,54,0,0,0,362,0,612,14,130,0,0,0,0,0,0,0,0,0,0,0,11,0,0,114,0,0,0,5,0,0,0,0,0,0,0,0,9,0,0,0,0,0,0,15,24,0,10,0,0,0,0,0,0,0,0,0,0,0,0,0,0,0,0,0,0,0,0,13,0,0,0,0,0,0,0,0,0,0,0,0,0,0,0,10,0,0,0,0,0,0,0,0,0,0,0,0,10,0,0,13,0,0,0,0,0,0,0,0,0,0,0,0,0,0,0,0,0,0,0,0,0,0,0,0,0,0,0,0,0,0,0,0,0,0,0,0,0,0,0,0,0,0,0,0,0,0,0,4,0,0,0,0,0,0,0,0,0,0,0,0,0,0,0,0,0,0,0,0,0,0,0,0,0,0,0,0,0,0,0,0,0,0,0,0,0,0,0,0,0,0,0,0,0,0,0,0,0,0,0,0,0,0,0,0,0,0,0,0,0,0,0,0,0,0,0,0,0,0,0,0,0,0,0,0,0,0,0,0,4,0,0,0,0,0,0,0,0,0,0,0,0,0,0,0,0,0,0,0,0,0,0,0,0,0,1
sample-57,256,3276,1314,112,3027,69,3352,0,1042,22801,1628,1211,251,905,141,96,1543,648,2852,5362,1351,492,836,2464,235,255,428,0,303,218,519,0,6,0,141,203,15,0,67,0,803,76,2790,0,964,496,501,0,14,2419,107,969,0,17,13,33,122,6,64,12,121,53,40,77,0,9,0,0,0,231,0,441,5,746,0,1638,0,75,164,0,22,30,84,18,0,0,88,52,74,0,72,0,0,0,71,0,231,0,14,220,68,1966,0,60,259,25,25,109,0,0,0,0,0,25,364,234,0,0,0,0,18,2,0,98,0,0,0,0,0,0,3,0,0,29,17,0,15,107,0,383,0,0,0,0,9,0,0,45,40,0,0,0,23,0,236,0,0,0,0,0,0,0,9,0,0,0,0,0,0,0,0,149,0,13,0,0,0,0,72,5,0,0,30,2,0,0,0,16,0,0,0,0,0,215,0,0,0,0,0,39,0,0,0,0,0,20,0,0,0,14,0,276,0,0,0,0,0,0,0,0,0,0,0,0,0,0,0,0,0,0,0,0,0,0,3,0,0,0,0,0,0,0,0,0,0,0,0,0,0,0,0,0,0,0,0,0,0,0,0,0,4,0,0,29,9,0,8,0,0,0,0,0,0,0,0,0,0,0,0,0,0,0,0,0,0,0,0,0,0,2,0,0,0,0,3,0,2,0,0,0,0,8,31,0,0,0,0,0,0,0,0,0,0,0,0,0,0,0,0,0,0,0,0,0,0,0,0,0,0,0,0,0,0,0,0,0,0,0,11,0,0,0,0,0,0,0,0,0,0,0,0,0,0,0,0,0,0,0,0,0,0,0,0,0,0,0,0,0,0,0,0,0,0,0,0,0,0,0,0,0,0,0,0,0,0,0,0,0,0,0,0,0,0,0,0,0,0,0,0,0,0,0,0,6,0,0,0,0,0,0,0,0,5,0,0,0,0,0,0,0,0,0,0,0,0,0,0,0,0,0,0,0,3,0,0,0,0,0,0,0,0,0,0,0,0,0,0,0,0,1
sample-59,2431,18194,645,173,6127,24,401,113,517,0,1314,252,5874,1005,2110,385,305,4012,200,9318,457,3004,315,63,2066,0,214,37,227,314,298,0,29,61,252,53,575,39,0,0,7415,93,147,0,825,1213,2032,85,831,2114,66,402,27,28,91,66,0,23,6,4,119,142,116,89,0,84,51,0,129,0,0,10,15,0,100,235,73,0,0,0,0,0,20,7,75,118,5,76,0,41,0,0,0,184,31,22,71,47,0,271,0,16,0,0,0,35,0,53,0,0,0,0,0,5,150,0,0,374,0,0,0,498,0,0,0,0,0,78,0,0,0,0,0,14,0,0,118,0,0,11,19,0,0,0,6,0,0,0,0,0,0,0,7,14,58,0,0,0,7,0,0,0,0,0,0,0,0,0,0,3,0,0,0,40,0,0,0,0,20,0,0,0,0,0,0,3,0,0,0,0,0,0,0,0,0,0,0,0,16,0,0,0,0,0,5,0,42,0,0,2,0,0,0,0,0,0,0,0,0,0,0,0,0,0,0,0,0,0,0,0,0,0,226,0,0,0,0,0,0,0,0,0,0,0,0,0,0,0,0,3,0,0,0,0,0,0,0,0,0,0,7,0,0,0,0,0,0,0,0,0,0,0,0,0,0,0,0,0,0,0,0,0,0,0,0,0,0,0,0,0,0,0,0,0,0,0,0,23,0,0,0,0,0,0,0,0,0,0,0,0,0,0,0,0,0,0,0,0,0,0,0,0,0,0,0,0,0,0,0,0,0,0,0,0,0,0,0,0,0,0,0,0,0,0,0,0,0,0,0,0,0,0,0,0,0,0,0,0,0,0,0,0,0,0,0,0,0,0,0,0,0,0,0,0,0,0,0,0,0,0,0,0,0,0,0,0,0,0,0,0,0,0,0,0,0,0,0,0,0,0,0,0,0,0,0,0,0,0,0,0,0,0,0,0,0,0,0,0,0,0,0,0,0,0,0,0,0,0,0,0,0,0,0,0,0,0,0,0,0,0,0,0,0,0,0,0,0,0,0,1
sample-60,42846,3401,1906,68,7009,198,2205,0,3269,0,801,715,10,427,5295,148,1265,1584,0,1731,33,1025,298,6208,718,69,430,498,137,999,1639,0,136,16,22,0,439,39,16,342,1131,47,1067,0,1797,3997,143,858,222,1813,312,42,0,0,58,148,38,80,0,302,257,7,38,188,0,19,5,0,29,19,0,11,453,0,10,0,12,50,66,0,5,11,82,0,0,6,78,27,131,3,30,0,0,12,41,0,524,267,0,213,26,0,0,0,0,0,5,20,0,0,0,0,0,14,944,82,0,0,0,0,11,0,59,0,11,0,0,0,0,2044,73,12,0,25,21,0,80,231,0,12,30,0,28,0,23,0,0,241,0,0,0,0,0,0,0,0,0,0,0,0,0,0,0,0,0,0,0,0,0,0,78,15,0,30,0,0,25,0,0,0,0,8,0,24,0,0,0,8,0,0,0,0,0,0,0,0,0,0,0,0,0,0,0,0,0,0,7,0,0,0,0,0,0,0,0,0,0,0,0,0,0,0,0,0,0,0,0,40,0,2,0,0,0,0,0,0,0,0,0,0,0,0,0,0,0,0,0,0,0,0,0,0,0,0,0,0,0,0,4,0,0,0,0,0,0,0,0,0,0,0,0,0,0,0,0,0,0,0,0,0,0,7,9,7,0,0,0,0,4,0,0,0,0,0,0,0,0,0,0,0,0,0,0,5,0,16,0,0,0,0,0,0,0,0,0,0,0,0,0,0,0,0,0,0,0,0,0,0,0,0,0,0,0,0,0,0,0,0,0,0,0,0,0,0,0,0,0,0,0,0,0,0,0,0,0,0,0,0,0,0,0,8,0,0,0,14,0,0,0,0,0,0,0,0,0,0,0,0,0,0,0,0,0,0,0,0,0,0,0,0,0,0,0,0,0,0,0,0,4,0,0,0,0,0,0,0,0,0,0,0,0,0,0,0,0,0,0,0,0,0,0,0,0,0,0,0,0,0,0,0,0,0,0,0,0,0,0,0,0,0,0,0,0,0,0,2,0,0,0,1
sample-61,1270,5235,2340,3925,10392,4695,630,1487,2642,5,1529,1462,198,1207,209,722,3027,0,8,155,3600,1690,6583,75,1062,0,1711,0,539,661,1815,0,176,1047,755,93,0,133,3,0,493,0,584,0,218,0,96,1143,325,611,944,133,538,175,259,116,0,83,159,78,0,91,339,49,10,240,50,0,0,115,0,87,0,0,51,0,0,0,0,238,85,16,215,7,0,0,0,97,0,138,0,0,0,0,88,0,23,0,11,257,63,0,0,0,170,207,17,15,27,0,0,0,0,0,13,0,0,12,0,0,0,0,0,0,0,0,0,60,0,0,0,0,0,12,0,0,0,0,22,0,6,0,0,0,0,0,0,0,27,0,0,0,24,0,105,0,0,0,0,8,0,0,0,0,0,0,0,0,0,0,0,0,0,25,0,0,0,0,0,0,0,0,0,0,0,0,0,0,0,0,0,0,0,0,0,0,0,0,0,0,0,0,5,0,0,0,0,0,0,0,0,0,0,0,0,0,0,0,20,0,0,0,0,0,0,0,0,0,0,0,0,0,0,0,0,0,0,0,0,0,0,0,0,0,0,0,0,0,0,0,0,0,0,0,0,0,0,0,0,0,3,0,0,0,0,0,0,0,0,0,0,0,0,0,0,0,7,0,0,0,0,0,0,0,0,0,0,0,0,0,0,0,0,0,0,0,0,0,0,0,0,0,0,0,0,0,0,0,0,0,0,0,0,0,0,0,0,0,0,0,0,0,0,0,0,0,0,0,0,0,0,0,0,0,0,0,0,0,0,0,0,0,0,0,0,0,0,0,0,0,0,0,0,0,0,0,0,0,0,0,0,0,0,0,0,0,0,0,0,0,0,0,0,0,0,0,0,0,0,0,0,0,0,0,0,0,0,0,0,0,0,0,0,0,0,0,0,0,0,0,0,0,0,0,0,0,0,0,0,0,0,0,0,0,0,0,0,0,0,0,0,0,0,0,0,0,0,0,0,0,0,0,0,0,0,0,0,0,0,0,0,0,0,0,0,0,0,0,0,1
sample-65,1268,1747,1540,1706,3117,619,1055,92,4252,23093,995,1239,1165,647,470,1068,1376,222,1243,28,2433,813,683,105,366,2410,702,66,512,1194,2377,0,4,43,381,95,25,29,63,39,0,0,3753,0,195,461,57,139,263,7145,322,228,69,150,223,65,116,25,214,82,0,188,343,94,51,13,121,0,5,55,129,113,95,0,0,70,60,0,219,0,167,7,61,58,0,0,286,45,0,11,0,1495,0,0,17,0,223,0,0,478,57,0,5,0,172,230,314,239,0,111,0,9,0,0,0,18,0,11,0,0,14,25,0,0,0,0,0,147,0,0,0,0,518,6,0,0,0,38,18,765,0,0,0,0,5,0,0,0,40,0,0,40,0,0,126,0,0,0,8,0,0,0,0,0,0,0,0,0,0,0,0,0,1410,14,0,0,0,5,0,0,0,0,6,0,0,0,0,0,0,19,0,0,0,0,0,0,0,0,0,0,0,0,0,0,0,0,0,0,0,4,10,0,3,0,12,0,0,0,0,0,0,0,0,0,0,4,0,0,0,0,0,0,0,0,0,0,0,22,0,17,0,0,0,0,0,0,0,44,0,0,0,8,0,0,0,0,0,0,0,0,0,0,10,0,0,0,0,0,0,0,0,18,0,0,0,0,0,0,0,0,0,0,3,0,0,0,0,0,0,0,0,0,0,0,0,0,0,0,0,0,0,0,0,0,0,0,0,0,0,0,0,0,0,0,0,0,0,0,0,0,0,0,0,0,0,0,0,0,0,0,0,0,0,0,0,0,0,0,0,0,0,0,0,0,0,0,0,0,0,7,0,0,0,0,0,0,0,0,0,0,0,0,0,0,0,0,0,0,0,0,0,0,0,0,0,0,0,0,0,0,0,0,0,0,0,0,0,0,0,0,0,0,0,0,0,0,0,0,0,0,0,0,0,0,0,0,0,0,0,0,0,0,0,0,0,0,0,0,0,0,0,0,0,0,0,0,0,0,0,0,0,0,0,0,0,0,0,0,0,0,0,0,0,0,0,0,0,0,0,1
sample-66,67,213,2500,1527,4651,5502,10925,0,2857,17,1294,1303,0,142,763,565,210,67,0,231,178,979,272,644,1072,14,688,532,587,638,447,0,379,50,63,104,0,171,0,0,0,170,0,0,0,0,22,12,218,1431,11,559,125,15,51,39,0,67,0,0,0,63,0,707,34,0,11,0,12,0,0,0,119,0,68,0,23,0,0,0,12,34,0,0,0,0,0,32,0,11,0,0,6,0,40,80,0,0,0,89,0,0,0,0,0,0,3,52,44,0,0,0,0,0,0,0,67,0,0,9,0,0,0,138,67,0,0,4,99,0,0,0,0,0,0,0,0,0,18,4,0,0,0,0,0,0,0,0,0,0,0,0,0,0,0,0,0,0,0,0,0,0,8,0,0,0,2,0,0,3,0,8,0,0,0,0,0,0,0,0,0,0,0,0,0,0,0,4,0,0,0,0,0,0,0,0,0,0,0,0,0,0,0,0,0,0,0,0,0,0,0,0,0,0,0,0,0,0,0,0,0,0,0,0,0,0,0,0,0,0,0,0,0,0,0,0,0,0,0,0,0,0,0,0,0,0,0,0,0,0,0,0,0,0,0,0,0,0,0,0,0,0,0,0,0,0,0,0,0,0,0,0,0,0,0,0,0,0,0,0,0,0,0,0,0,0,0,0,0,0,0,0,0,0,0,0,0,0,0,0,0,0,0,0,0,0,0,0,0,0,0,0,0,0,0,0,0,0,0,0,0,0,0,0,0,0,0,0,0,0,0,0,0,0,0,0,0,0,0,0,0,0,0,0,0,0,0,0,0,0,0,0,0,0,0,0,0,0,0,0,0,0,0,0,0,0,0,0,0,0,0,0,0,0,0,0,0,0,0,0,0,0,0,0,0,0,0,0,0,0,0,0,0,0,0,0,0,0,0,0,0,0,0,0,0,0,0,0,0,0,0,0,0,0,0,0,0,0,0,0,0,0,0,0,0,0,0,0,0,0,0,0,0,0,0,0,0,0,0,0,0,0,0,0,0,0,0,0,0,1
sample-68,285,0,4600,513,9353,0,3178,232,10002,0,3828,1370,659,0,125,1377,781,32634,901,946,588,1688,3338,808,1012,0,1642,1870,821,2675,1612,0,479,27,386,1387,2488,163,0,0,0,450,0,0,0,33,0,0,1104,0,376,3600,317,25,190,7,0,557,58,21,0,667,16,279,47,14,0,0,1745,0,0,168,145,0,0,18,378,0,0,0,30,41,7,17,0,219,0,55,0,0,0,0,0,0,110,1067,9,7625,50,155,0,81,0,0,0,0,3,217,0,0,0,33,0,0,25,0,197,0,0,0,0,0,0,0,0,0,0,7,0,0,0,0,0,31,13,0,0,0,19,0,3183,0,0,16,17,0,0,0,0,0,0,0,0,0,38,0,0,0,0,0,0,0,0,0,0,0,0,112,0,0,0,0,0,39,0,0,0,0,0,0,0,0,0,0,0,0,0,13,0,0,0,0,47,0,0,0,0,0,0,0,0,0,0,0,0,0,0,0,0,0,0,0,0,0,0,0,0,0,0,0,0,0,0,0,0,0,0,0,0,0,0,0,0,0,0,0,0,0,0,2,0,0,3,0,0,0,0,0,0,0,0,0,0,0,0,0,0,0,0,0,0,0,0,0,0,0,0,0,0,0,0,0,0,0,0,0,0,0,0,0,0,0,0,3,0,0,0,0,0,0,0,0,0,0,0,0,0,0,0,0,0,0,0,0,0,0,0,0,0,0,0,0,0,0,0,0,0,0,0,0,0,0,0,19,0,0,0,0,0,0,0,0,0,0,0,0,0,0,0,0,0,0,0,0,0,0,0,0,0,0,0,0,0,0,0,0,0,0,0,0,0,0,0,18,0,0,0,0,0,0,0,0,0,0,0,0,0,0,0,0,0,0,0,0,0,0,0,0,0,0,0,0,0,0,0,0,0,0,0,0,0,0,0,0,0,0,0,0,0,0,0,0,0,0,5,0,0,0,0,0,0,0,0,0,4,0,0,0,0,0,0,0,0,0,0,0,0,0,0,0,0,0,0,0,0,0,0,0,0,1
sample-69,12399,5271,6387,7578,6211,4863,0,29,8258,0,2209,1672,1228,90,1189,3020,6904,636,0,5269,1397,2120,996,11181,1028,0,452,248,1042,319,912,566,129,628,2411,222,15,18,1677,0,2827,38,0,0,0,1641,80,0,83,2812,626,2540,680,27,580,0,636,612,201,123,0,120,221,112,971,13,79,0,0,0,0,94,53,0,281,568,0,0,0,0,296,13,54,13,0,129,0,0,0,343,0,0,10,0,31,0,801,32,8,300,0,0,100,0,0,0,95,47,0,0,0,0,0,181,66,0,22,41,0,0,0,0,0,0,0,4,0,0,0,0,0,0,0,53,27,0,0,0,26,0,0,0,0,74,0,0,0,0,38,0,0,0,0,0,73,0,0,0,0,27,0,0,0,0,0,0,24,0,0,0,0,15,0,81,0,0,0,0,0,0,0,0,0,0,0,37,0,9,0,0,0,0,0,0,0,0,0,0,7,0,0,0,0,0,0,0,61,0,0,0,0,12,0,0,0,0,0,0,0,0,0,0,0,0,0,0,0,0,2,0,0,0,0,0,14,0,0,0,0,9,0,0,104,0,0,0,0,0,0,0,0,0,0,0,4,0,0,0,0,0,0,9,0,16,0,0,0,0,0,0,0,0,0,0,0,0,0,0,0,0,0,0,0,0,0,0,19,8,0,0,0,0,0,0,0,0,0,0,0,0,0,0,0,0,0,22,0,0,0,0,0,0,0,0,0,0,0,0,0,0,0,0,0,0,0,0,0,0,0,0,0,0,0,0,0,0,0,0,0,0,0,0,0,0,0,0,0,0,0,0,0,0,0,0,0,0,0,0,0,0,0,0,0,0,0,0,0,0,0,0,0,0,0,0,0,0,0,0,0,0,0,0,0,0,0,0,0,0,0,0,0,0,0,0,0,0,0,0,0,0,0,0,0,0,0,0,0,0,0,0,0,0,0,0,0,0,0,0,0,0,0,0,0,0,0,0,0,0,0,0,0,0,0,0,0,0,0,0,0,0,0,0,0,0,0,0,0,0,0,1
sample-71,148,11582,968,576,14879,2022,0,13946,3504,3,1775,1420,6221,1006,3195,795,9589,50,0,1038,1297,2562,380,446,2362,0,592,17,622,1475,3467,339,1286,90,135,134,639,25,0,0,0,0,165,0,0,0,3341,1842,138,5189,863,276,267,87,312,0,0,132,17,637,1849,258,292,1459,214,4,2,0,0,0,0,28,151,0,11,0,0,0,0,6,4,65,213,25,697,470,0,182,576,68,0,314,0,375,66,0,651,403,28,605,366,78,1638,0,0,39,7,78,0,0,0,14,173,8,0,842,75,12,0,0,0,7,104,18,0,18,0,67,0,0,11,0,0,23,0,0,220,0,10,10,16,0,0,0,283,0,0,0,0,0,0,0,17,0,116,0,0,0,0,0,0,0,0,0,0,0,6,0,0,0,66,0,0,18,0,0,13,0,0,0,0,0,0,0,0,0,0,0,0,0,0,0,0,0,46,47,0,18,0,0,0,0,0,0,0,0,0,0,0,0,0,0,45,0,0,0,0,0,0,0,0,7,76,0,0,3,0,0,0,0,0,0,0,0,0,0,6,0,0,3,0,0,0,0,0,0,0,0,0,0,0,0,0,0,39,0,0,0,0,0,0,0,7,0,0,0,0,0,0,0,0,0,0,0,0,0,0,0,0,0,0,0,6,0,0,0,0,0,0,0,0,0,0,0,5,0,0,0,0,0,0,0,0,0,0,0,0,0,0,0,13,0,0,0,0,0,0,0,0,0,0,0,0,0,0,0,0,0,0,0,0,0,0,0,0,0,0,8,0,0,0,0,0,0,0,0,0,0,0,0,0,0,0,0,0,0,0,0,0,0,0,0,0,0,0,0,0,0,0,0,0,0,0,0,0,0,3,0,0,0,0,0,0,0,0,0,0,0,0,0,0,0,0,0,0,0,0,0,0,0,0,0,0,0,0,0,0,0,0,0,0,0,0,0,0,0,0,0,0,0,0,0,0,0,0,0,0,0,0,0,0,0,0,0,0,0,0,0,0,0,0,0,0,0,0,0,0,0,0,1
sample-72,4152,14338,1511,6753,17684,1804,0,4978,15165,0,5152,3036,10909,8136,4788,4675,1132,0,0,1148,1808,4471,14384,4,5103,0,2771,0,284,1931,1735,0,52,528,955,195,5311,368,0,0,0,1329,164,125,0,408,9440,0,931,2088,1820,0,209,0,307,34,0,234,282,0,0,1287,119,62,21,14,31,20,8,176,0,381,6,0,28,54,7,0,0,0,235,46,351,106,767,198,0,0,749,116,0,0,7,2124,32,0,56,0,0,336,0,0,0,0,0,0,120,153,0,0,0,178,260,511,81,0,71,0,0,0,0,0,0,0,0,1578,0,5,0,0,0,0,0,48,10,0,0,0,0,0,0,0,0,18,9,0,0,0,0,0,0,0,0,0,0,0,0,18,0,0,0,0,0,0,0,0,5,0,0,12,0,0,0,0,0,0,0,0,0,0,15,0,0,0,29,24,0,0,0,0,0,17,0,0,0,0,0,0,16,0,0,0,30,0,0,0,7,0,0,13,0,0,6,0,0,0,0,0,0,0,0,0,0,0,0,0,0,0,0,0,0,0,0,0,0,0,0,0,11,68,0,0,8,0,0,0,0,0,0,0,0,0,0,0,0,0,0,0,2,0,0,33,0,0,0,0,0,0,0,0,0,0,0,0,0,0,0,0,0,0,0,0,0,0,0,0,0,0,0,0,0,0,0,0,0,0,0,0,0,0,0,0,0,0,0,0,0,0,0,0,0,0,0,0,0,0,0,0,0,0,0,0,0,0,0,0,0,0,0,0,0,0,0,0,0,0,0,0,0,0,0,0,0,0,0,0,0,0,0,0,0,0,0,0,0,0,0,0,0,0,0,0,0,0,0,0,0,0,0,0,0,0,0,0,0,0,0,0,0,0,0,0,0,0,0,0,0,0,0,0,0,0,0,0,0,0,0,0,0,0,0,0,0,0,0,0,0,0,0,0,0,0,0,0,0,0,0,0,0,0,0,0,0,0,0,0,0,0,0,0,0,0,0,0,0,0,0,0,0,0,0,0,0,0,0,0,0,0,0,1
sample-73,417,17954,10077,115,13856,15,0,0,1787,0,0,11514,2723,0,48,962,7,198,923,9853,10,5413,0,11860,6856,73,1664,0,0,671,2609,0,1722,9,0,366,769,0,7,0,0,0,0,249,0,0,206,0,0,0,0,4,0,0,0,0,0,0,0,0,0,22,0,104,950,0,0,1537,0,0,0,0,11,0,0,16,0,0,0,0,107,89,247,8,0,30,0,0,0,0,0,0,0,0,175,0,0,0,0,0,0,0,12,0,0,0,0,0,0,0,0,0,0,0,0,0,0,0,0,0,0,0,0,0,0,5,0,0,24,0,3,0,0,0,37,0,0,0,0,0,14,0,0,0,74,0,0,0,0,0,0,0,0,0,0,0,0,0,0,0,0,46,0,0,0,0,0,0,0,0,0,14,0,24,0,0,195,0,0,0,0,0,0,0,0,3,0,27,0,0,0,0,0,0,0,0,0,0,0,0,61,0,0,0,0,0,6,0,0,0,0,0,0,0,0,0,0,0,0,0,0,0,0,0,0,0,0,0,0,0,0,0,0,0,0,0,0,0,0,0,0,0,0,0,0,0,0,0,0,0,0,0,0,0,0,0,0,0,8,0,15,0,0,20,0,0,0,0,0,0,0,0,0,0,0,0,0,0,0,0,0,0,0,0,0,0,0,0,0,0,0,0,0,0,0,0,0,0,0,0,0,0,0,0,0,0,0,0,0,0,0,0,0,0,0,0,0,0,8,0,0,0,0,0,0,0,0,0,0,0,0,0,0,0,0,0,0,0,0,0,0,0,0,0,0,0,0,0,0,0,0,0,0,0,0,0,0,0,3,0,0,0,0,0,0,0,0,0,0,0,0,0,0,0,0,0,0,0,0,0,0,0,0,0,0,0,0,0,0,0,0,0,0,0,0,0,0,0,0,0,0,0,0,0,0,0,0,0,0,0,0,0,0,0,0,5,0,0,0,0,0,0,0,0,0,0,0,0,0,0,0,0,0,3,0,0,0,0,0,0,0,0,0,0,0,0,0,0,0,1
sample-74,944,2492,5774,799,2480,134,477,2733,3403,8967,1411,990,6954,2309,4321,399,2288,1193,3861,41,3787,687,390,762,298,0,600,14,492,326,1548,0,97,354,444,231,159,19,262,0,380,185,14,0,362,18,0,157,181,2362,1090,813,226,0,408,166,0,12,266,46,439,42,615,259,24,311,7,0,274,209,0,184,59,0,78,437,331,0,0,0,24,32,54,16,0,70,0,68,0,181,0,0,0,129,37,222,65,13,67,165,148,0,0,0,96,305,38,38,22,4,0,4,0,49,56,0,0,11,67,0,0,363,0,89,20,0,739,63,0,0,0,0,0,21,0,0,10,70,25,78,0,19,126,0,11,0,16,97,54,0,0,0,21,0,97,0,0,0,0,4,0,0,0,0,0,0,0,0,179,0,0,0,0,6,0,0,0,9,14,0,0,0,10,0,0,0,8,0,0,0,0,0,0,0,159,41,0,0,0,0,0,0,2,0,41,0,0,0,5,7,0,0,0,0,0,0,0,0,0,0,0,0,0,0,0,8,0,0,0,0,0,0,0,0,0,0,0,6,0,3,0,0,0,0,0,0,0,0,0,12,0,0,0,0,0,0,0,0,0,0,0,0,0,0,0,0,0,0,0,0,0,0,0,0,0,0,0,0,4,0,0,0,0,0,0,0,0,0,0,0,0,0,0,0,0,0,0,0,0,0,0,0,0,0,0,0,0,0,0,0,0,0,0,0,0,0,0,0,0,0,0,0,0,0,0,0,0,0,0,0,0,0,0,0,0,0,0,0,0,0,0,0,0,0,0,0,0,0,0,0,0,0,0,0,0,0,0,0,0,0,0,0,0,0,0,0,0,0,0,0,0,0,0,0,0,0,0,0,0,0,0,0,0,0,0,0,0,0,0,0,0,0,0,0,0,0,0,0,0,0,0,0,0,0,0,0,0,0,0,0,0,0,0,0,0,0,0,0,0,0,0,0,0,0,0,0,0,0,0,0,0,0,0,0,0,0,0,0,0,0,0,0,0,0,0,0,0,0,0,1
sample-76,2276,9675,0,159,6869,8,0,14118,161,0,206,837,23882,33,0,415,35,482,0,1479,348,2014,274,15,282,216,131,0,81,109,193,0,69,46,14,0,19,10,0,0,0,47,0,0,0,100,1067,0,3,0,154,0,0,0,21,35,0,0,6,0,0,131,0,0,0,0,16,0,0,11,0,22,19,0,0,1320,8,0,0,0,0,0,161,10,0,211,0,180,181,0,0,0,0,0,100,0,0,0,7,23,0,0,0,0,0,0,0,44,0,0,0,0,0,0,138,0,0,0,0,0,0,0,0,0,0,0,0,0,0,0,0,0,0,0,0,0,0,0,0,0,0,0,0,3,0,0,0,0,0,9,0,0,0,0,60,0,0,0,0,0,0,0,0,0,0,0,0,0,0,0,0,0,0,6,0,0,0,0,0,0,0,0,0,7,0,0,0,0,0,0,0,0,0,0,0,0,0,0,0,0,0,0,0,0,0,0,0,0,0,0,0,0,0,3,0,0,0,0,0,0,0,0,0,0,0,0,0,0,0,0,0,0,0,0,0,0,0,0,0,0,0,0,37,0,0,0,0,0,0,0,0,0,0,0,0,0,0,0,0,0,3,0,0,0,0,0,0,0,0,0,0,0,0,0,0,0,4,0,0,0,0,0,0,0,0,0,0,0,0,0,0,0,0,0,0,0,0,0,0,0,0,0,0,0,0,0,0,0,0,0,0,0,0,0,0,0,0,0,0,0,0,0,0,0,0,0,0,0,0,0,0,0,0,0,0,0,0,0,0,0,0,0,0,0,0,0,0,0,0,0,0,0,0,0,0,0,0,0,0,0,0,0,0,0,0,0,0,0,0,0,0,0,0,0,0,0,0,0,0,0,0,0,0,0,0,0,0,0,0,0,0,0,0,0,0,0,0,0,0,0,0,0,0,0,0,0,0,0,0,0,0,0,0,0,0,0,0,0,0,0,0,0,0,0,0,0,0,0,0,0,0,0,0,0,0,0,0,0,0,0,0,0,0,0,0,0,0,0,0,1
sample-78,367,9574,2248,2339,4670,288,0,0,1107,0,282,1536,7580,20,1252,2225,50,0,0,1461,0,1335,0,2060,979,24,162,74,74,61,923,4941,2313,32,0,136,2549,116,0,0,0,118,8,11,0,0,0,0,0,0,0,0,0,80,237,0,0,11,0,0,0,10,5,351,323,0,0,551,503,0,0,0,0,0,24,0,24,0,0,0,0,26,21,0,0,40,0,0,0,16,0,0,16,0,177,104,0,1436,0,7,0,0,0,0,0,0,4,10,61,0,0,0,26,0,0,0,34,0,0,0,0,0,0,0,0,0,0,0,0,0,0,0,0,0,0,0,0,0,0,0,208,0,0,139,29,11,0,8,0,20,0,0,0,22,0,0,0,0,0,0,0,0,0,0,0,0,0,0,0,45,0,5,0,3,25,0,0,7,0,0,0,0,0,0,0,0,0,4,0,0,0,0,0,0,0,0,0,0,0,0,30,0,5,0,0,0,0,0,0,0,0,0,0,0,0,13,14,0,0,0,0,0,0,0,0,0,0,0,0,0,24,0,0,0,0,0,0,0,0,0,0,0,0,0,0,0,0,0,0,41,0,0,0,0,0,0,0,0,0,0,0,0,0,0,0,0,0,0,0,0,0,0,0,0,0,0,0,0,0,0,0,0,0,0,0,0,2,0,0,0,0,0,0,0,0,0,0,0,0,0,0,0,0,0,0,0,0,0,0,0,0,0,0,0,0,0,0,0,0,0,0,0,0,0,0,0,0,0,0,0,0,0,0,0,0,0,0,0,0,0,0,0,0,0,0,0,0,0,0,0,0,0,0,0,0,0,0,0,0,0,0,0,0,0,0,0,0,0,0,0,0,0,0,0,0,0,0,0,0,0,0,0,0,0,0,0,0,0,0,0,0,0,0,0,0,0,0,0,0,0,0,0,0,0,0,0,0,0,0,0,0,0,0,0,0,0,0,0,0,0,0,0,0,0,0,0,0,0,0,0,0,0,0,0,0,0,0,0,0,0,0,0,0,0,0,0,0,0,0,1
sample-80,264,4068,3281,158,4706,0,240,943,1873,6075,3306,989,422,576,1801,370,365,41,106,238,106,1127,158,15,183,0,659,14,152,105,225,0,293,22,56,63,1131,9,54,0,992,135,1519,0,127,6,35,0,70,1420,35,308,7,30,205,16,222,8,11,4,642,51,176,117,8,35,0,0,0,0,0,10,0,0,33,0,60,0,0,116,0,0,21,18,10,3,0,92,14,4,0,0,0,4,20,0,42,16,0,167,0,15,16,0,821,30,0,26,0,0,0,0,0,8,9,0,0,51,0,17,0,0,0,0,0,0,0,95,0,0,133,0,0,15,0,0,34,11,0,3,4,0,22,0,0,0,0,0,9,0,0,0,0,0,24,0,0,0,2,0,0,0,0,0,0,0,0,0,0,0,0,0,0,8,0,0,0,0,2,0,0,0,0,0,0,0,0,0,0,0,6,0,0,0,0,0,0,0,0,0,0,0,0,0,0,0,0,0,0,0,0,0,0,0,0,0,0,0,0,0,0,0,0,0,0,0,0,0,0,0,0,0,0,0,0,0,0,0,0,2,0,0,2,0,0,0,0,0,0,0,0,0,0,0,0,0,0,0,0,0,0,0,0,0,0,0,0,0,0,0,0,0,0,0,0,0,0,0,0,0,0,0,5,0,0,0,95,0,0,0,0,0,0,0,0,0,0,0,0,0,0,0,0,0,0,0,0,0,0,0,0,0,0,0,0,0,0,0,0,0,0,0,0,0,0,0,0,0,0,0,0,0,0,0,0,0,0,0,0,0,0,0,0,0,0,0,0,0,0,0,0,0,0,0,0,0,0,0,0,0,0,0,0,0,0,0,0,0,0,0,0,0,0,0,0,0,0,0,0,0,0,0,0,0,0,0,0,0,0,0,0,0,0,0,0,0,0,0,0,0,0,0,0,0,0,0,0,0,0,0,0,0,0,0,0,0,0,0,0,0,0,0,0,0,0,0,0,0,0,0,0,0,0,0,0,0,0,0,0,0,0,0,0,0,0,0,0,0,0,1
sample-83,2765,608,3034,20787,8549,195,3,11687,1905,0,1118,2409,23701,98,1693,1774,4341,88,514,581,1823,3177,344,17,2116,0,1225,0,378,798,958,0,0,1184,23,101,10,344,21,0,0,52,0,1092,4,38,26,0,304,333,242,0,48,0,71,21,0,53,99,0,0,292,107,219,0,40,153,94,13,63,0,50,0,0,51,278,8,0,0,0,63,38,141,470,70,89,0,165,0,725,0,0,123,0,69,0,0,59,68,24,0,931,0,0,0,65,87,176,0,0,0,82,0,0,10,0,6,97,0,0,0,0,0,0,0,0,0,43,335,0,0,0,0,0,2,0,7,0,0,0,4,0,0,83,0,0,0,5,15,0,0,0,0,0,160,0,0,0,0,89,17,0,0,2,0,17,111,0,0,9,0,0,0,0,0,0,0,9,0,0,10,0,0,0,8,0,0,0,0,0,0,0,0,0,18,0,0,0,0,0,0,0,6,0,0,0,0,0,0,0,65,0,5,91,0,0,14,0,0,0,0,0,0,0,0,0,0,0,0,0,0,0,0,0,0,3,0,0,0,0,0,6,0,0,0,0,0,0,0,7,0,0,0,0,0,0,0,0,0,0,0,0,0,0,0,0,0,0,0,0,0,0,0,0,0,0,0,0,0,0,0,0,0,0,0,0,0,0,0,0,0,0,0,0,0,0,0,0,0,0,0,0,0,0,0,0,0,0,0,0,0,0,0,0,0,0,0,3,0,0,0,0,0,0,0,0,0,0,0,0,0,0,0,0,0,0,0,0,0,0,0,0,0,0,0,0,0,0,0,0,0,0,0,0,0,0,0,0,0,0,0,0,0,8,0,0,0,0,0,0,0,0,0,0,0,0,0,0,0,0,0,0,0,0,0,0,0,0,0,0,0,0,0,0,0,0,0,0,0,0,0,0,0,0,0,0,0,0,0,0,0,0,0,0,0,0,0,0,0,0,0,0,0,0,0,0,0,0,0,0,0,0,0,0,0,0,0,0,0,0,0,0,0,0,0,0,0,0,0,1
sample-86,1641,2686,0,1548,21248,1593,0,10,4686,7,1328,6308,5722,0,13935,7404,0,1101,9,2004,0,6725,4242,252,7243,0,0,5,803,198,1557,0,3445,185,5,2417,0,39,0,0,0,0,3,0,4814,73,69,0,2267,293,0,0,0,54,977,664,8,0,0,0,0,2482,0,3708,801,0,0,687,173,0,0,18,71,0,0,10,13,0,0,0,431,195,0,297,0,217,0,0,0,0,0,0,1049,0,373,0,0,3034,0,71,0,0,726,0,0,0,200,17,0,0,0,48,350,0,65,0,363,0,2916,0,0,0,0,0,0,0,0,288,504,0,7,0,0,0,0,0,0,0,17,0,362,0,0,483,27,0,0,0,0,0,0,0,0,0,92,0,0,0,0,0,0,46,0,0,0,0,48,0,0,254,0,0,0,74,0,0,0,97,0,14,0,0,0,102,384,15,0,106,0,0,0,102,0,0,0,0,0,0,0,0,30,0,134,0,0,0,30,0,0,0,0,0,0,14,0,4,0,0,0,0,0,0,0,0,0,0,0,0,0,0,0,0,0,0,22,0,0,0,0,0,0,0,0,0,0,0,0,0,0,46,0,0,0,0,15,0,0,0,9,0,3,0,0,0,0,0,0,0,0,0,0,0,0,0,0,0,0,0,0,0,0,0,0,0,4,0,0,0,0,0,0,0,0,0,0,0,0,0,0,0,0,0,0,0,0,0,0,0,0,0,0,0,0,0,0,0,0,0,0,0,0,0,0,0,0,0,0,0,0,0,0,0,0,0,0,0,0,0,0,0,0,0,0,0,0,0,0,0,0,0,0,0,0,0,0,0,0,0,0,0,0,0,0,0,18,0,0,0,0,0,0,0,0,0,0,0,0,0,0,0,0,0,0,0,0,0,0,0,0,0,0,0,0,0,0,0,0,0,0,0,0,0,0,0,0,0,0,0,0,0,0,0,0,0,0,0,0,0,0,0,0,0,0,0,0,0,0,0,0,0,0,0,0,0,0,0,0,0,0,0,0,0,0,0,0,0,0,0,0,1
sample-89,27292,12,3016,60342,12285,6188,0,0,1283,0,2789,2906,28153,136,0,1789,6,94,0,589,22,5968,118,129,9188,0,2070,0,386,431,5299,0,1251,8971,227,1440,0,733,0,0,0,0,165,1556,0,0,63,0,973,0,91,0,1040,0,979,167,0,0,139,0,0,615,58,544,2021,160,862,202,0,0,0,0,0,0,65,0,7,0,0,0,275,254,438,1791,29,162,0,226,0,0,0,0,238,0,94,0,0,99,111,109,0,0,0,0,0,0,405,22,24,0,0,0,780,224,3,0,270,0,0,10,0,0,0,0,0,0,0,85,0,0,5,0,0,11,66,0,0,0,0,0,0,0,0,0,66,0,0,2,0,71,0,0,0,0,469,5381,0,1946,37,0,0,35,0,0,0,0,44,0,0,40,0,21,0,21,0,0,0,27,0,0,0,8,0,0,465,0,8,0,0,0,0,63,0,0,0,0,0,0,0,0,6,0,58,0,0,0,22,0,8,0,0,0,0,0,0,0,0,0,0,19,0,0,0,0,0,34,0,0,0,0,5,0,0,7,0,0,0,0,0,0,0,7,0,0,0,0,0,0,0,0,0,0,0,0,0,0,19,0,0,0,0,0,29,0,0,0,0,0,0,0,0,0,0,0,0,0,0,0,0,0,0,0,0,0,0,0,0,0,0,0,0,0,0,0,0,0,0,0,0,0,0,0,0,2,0,0,0,0,0,0,0,0,0,0,0,0,0,0,0,0,0,0,0,0,0,0,0,0,0,0,0,0,0,0,0,0,0,0,0,0,0,0,0,0,0,0,0,0,0,0,0,0,0,0,0,0,0,0,0,0,0,0,0,0,0,0,0,0,0,0,0,0,0,0,0,0,0,0,0,0,0,0,0,0,0,0,0,0,0,0,0,0,0,0,0,0,0,0,0,0,0,0,0,0,0,0,0,0,0,0,0,0,0,0,0,0,0,0,0,0,0,0,0,0,0,0,0,0,0,0,0,0,0,0,0,0,0,0,0,0,0,0,0,0,0,0,0,0,0,1
sample-94,1721,2157,1540,16644,8110,22799,618,35686,3027,0,1551,1705,0,4066,1083,3807,1350,1850,4,358,3478,1127,4099,158,2384,9,14,88,842,1518,2126,7,1209,4128,100,57,30,679,8,0,0,72,1646,0,0,19,0,1248,626,2016,2037,160,795,259,516,154,0,119,156,220,0,260,614,179,212,238,724,647,0,1133,0,23,177,0,315,24,94,0,0,0,428,51,137,111,0,115,9,116,0,3641,0,0,11,21,67,0,1787,0,0,94,0,0,0,0,496,23,108,45,89,244,0,60,114,15,3,0,84,0,0,0,0,66,0,0,0,0,0,112,0,0,0,130,0,30,15,0,0,0,48,85,0,0,0,85,15,11,0,0,0,6,0,0,183,6,158,0,0,0,79,18,6,15,21,0,0,7,185,0,0,0,0,4,0,30,0,0,0,0,0,0,0,0,16,4,12,0,38,5,0,4,0,31,33,0,0,0,0,29,13,0,0,0,7,0,52,0,0,0,0,0,46,0,5,0,0,0,0,0,0,42,0,0,2,0,0,0,0,0,0,0,0,8,0,0,0,0,0,31,17,6,0,0,0,0,0,0,0,0,0,5,0,0,0,0,0,0,6,5,11,0,0,0,8,0,0,0,0,0,0,0,0,0,0,0,0,0,0,0,0,0,0,0,0,0,0,0,0,0,0,0,0,0,0,0,5,0,0,0,0,0,0,0,0,0,0,0,0,0,0,0,0,0,0,0,0,0,0,0,0,5,0,0,0,0,0,0,0,0,0,0,0,0,3,0,0,0,0,0,0,0,8,0,0,0,0,0,0,0,0,0,0,0,0,0,0,0,0,0,0,0,0,0,0,0,0,0,0,0,0,0,0,0,0,0,0,0,0,0,0,0,0,0,0,0,0,0,0,0,0,0,0,0,0,0,0,0,0,0,0,0,0,0,0,0,0,0,0,0,0,0,0,0,0,0,0,0,0,0,0,0,0,0,0,0,0,0,0,0,0,0,0,0,0,0,0,0,0,0,0,0,0,0,0,0,0,0,0,0,0,1
sample-97,37,2883,394,2398,15639,20,27,2083,3058,5,0,1380,4392,574,1504,14,799,719,0,11931,615,3197,885,156,4210,0,67,543,121,154,1180,0,207,153,5,1448,171,135,0,0,0,0,0,0,180,0,11837,0,377,1507,85,0,0,28,69,0,0,17,30,793,0,34,162,303,12,0,9,35,0,110,0,20,58,0,11,2416,0,0,26,0,7,54,983,21,164,530,0,91,0,0,0,0,0,314,52,0,93,81,86,198,0,0,1280,0,31,3,8,314,0,0,39,40,102,13,0,0,82,276,14,0,0,0,0,0,0,455,0,3,0,0,6,0,0,0,21,0,0,0,0,45,35,0,0,0,9,0,0,0,20,0,0,0,16,12,18,0,0,41,0,0,0,9,0,0,0,0,0,0,0,0,0,9,0,0,0,0,0,0,0,0,0,0,0,0,0,0,0,0,0,0,0,0,0,0,0,0,0,6,0,0,0,0,0,0,14,0,0,0,0,6,0,0,0,0,0,3,0,0,0,0,0,18,0,0,0,13,0,0,0,0,29,0,0,0,0,0,0,0,0,6,0,0,0,0,0,0,0,0,0,0,0,0,0,0,0,0,0,0,0,0,0,0,0,0,0,0,0,0,0,0,0,0,0,0,0,0,0,0,0,0,0,0,0,0,0,0,0,0,0,0,0,0,0,0,0,0,0,0,0,0,0,0,0,0,0,0,0,0,0,0,0,0,0,0,0,0,0,0,0,0,0,0,0,0,0,0,0,0,0,0,0,0,0,0,0,0,0,0,0,0,0,0,0,0,0,0,0,0,0,0,0,0,0,0,0,0,0,0,0,0,0,0,0,0,0,0,0,0,0,0,0,0,0,0,0,0,0,0,0,0,0,0,0,0,0,0,0,0,0,0,0,0,0,0,0,0,0,0,0,0,0,0,0,0,0,0,0,0,0,0,0,0,0,0,0,0,0,0,0,0,0,0,0,0,0,0,0,0,0,0,0,0,0,0,0,0,0,0,0,0,0,0,0,0,0,0,0,0,0,1
sample-98,104,2179,2704,2336,5967,134,0,0,18813,0,4705,2212,5152,121,1246,3608,2482,464,1524,2999,634,2317,341,13504,929,3552,334,339,402,1801,1392,19,177,282,287,293,636,67,0,0,0,83,0,19,4,76,2190,0,292,2686,11,824,829,681,71,310,0,164,11,191,0,70,8,121,43,15,3,0,176,1317,640,0,115,0,75,103,0,0,0,0,25,27,18,9,610,89,39,82,0,60,0,0,0,0,85,31,178,23,680,132,0,0,62,0,0,0,0,140,0,0,0,25,81,7,0,0,11,183,0,44,0,7,0,0,0,0,0,17,0,0,0,161,0,0,52,0,0,0,6,0,13,0,0,9,17,0,0,0,0,0,0,0,0,13,2,0,0,0,0,0,0,40,0,0,0,0,2,0,0,0,73,0,0,43,0,0,0,0,0,0,0,0,0,0,0,10,0,2,0,0,0,2,0,0,0,0,0,0,0,0,0,0,0,0,0,0,0,0,0,0,0,0,13,0,0,0,0,0,0,0,0,0,0,21,0,0,0,0,4,0,0,0,0,0,0,0,0,0,0,0,0,0,0,0,0,0,0,0,0,0,0,0,0,0,0,0,0,0,0,0,0,0,0,22,0,0,0,0,0,0,7,0,0,0,0,0,0,0,0,0,0,0,0,0,0,0,0,0,0,0,0,0,0,0,0,0,0,0,0,0,0,0,7,0,0,0,0,0,0,0,0,0,0,0,0,0,0,0,3,0,0,0,0,0,0,0,0,0,0,0,0,0,0,0,0,0,0,0,0,0,0,0,0,7,0,0,0,0,0,0,0,0,0,0,0,0,0,0,0,0,0,0,0,0,0,0,0,0,0,0,0,0,0,0,0,0,0,0,0,0,0,0,0,0,0,0,0,0,0,0,0,0,0,0,0,0,0,0,0,0,0,0,0,0,0,0,0,0,0,0,0,0,0,0,0,0,0,0,0,0,0,0,0,0,0,0,0,0,0,0,0,0,0,0,0,0,0,3,0,0,0,0,0,0,0,0,0,0,0,1
sample-99,905,4914,1241,1781,2529,125,2340,10,10804,8990,3417,2489,1088,4103,4732,1083,4689,3197,6126,146,5759,388,1607,1138,38,21,1047,208,1357,1806,5378,0,0,369,1504,466,730,225,902,0,476,127,1117,18,692,0,64,2002,376,4828,1430,1133,173,639,72,931,100,228,464,3274,317,255,558,0,356,790,0,0,94,358,0,147,553,0,20,47,0,5274,0,507,172,23,39,9,0,0,493,63,59,23,0,252,24,28,75,36,7,24,45,263,0,0,0,875,434,193,213,88,836,0,546,0,0,256,3,2774,0,0,42,84,0,108,0,0,0,0,190,171,0,0,201,23,2463,45,0,0,26,0,19,340,14,179,230,0,12,0,0,461,109,0,0,0,33,11,22,0,0,0,21,0,8,0,183,13,0,0,18,0,0,0,66,0,0,73,0,0,0,0,46,22,0,0,47,3,0,0,0,18,0,0,0,0,0,0,157,0,0,0,0,0,0,0,10,0,0,0,5,0,0,27,0,0,0,2,0,9,5,154,0,4,0,0,0,0,30,0,0,0,0,5,0,0,0,0,7,0,0,0,0,0,0,0,7,0,0,0,0,0,0,0,0,0,0,0,0,0,0,0,0,0,0,0,0,0,0,0,0,0,0,0,0,3,0,0,0,0,0,0,0,0,0,0,0,0,0,0,0,0,0,0,0,0,0,0,0,0,2,0,0,0,0,0,0,0,0,0,0,0,0,0,0,0,0,0,0,0,0,0,0,0,0,0,0,0,0,0,0,0,0,0,0,0,0,0,0,0,0,0,0,0,0,0,0,0,0,0,0,0,0,0,0,4,0,0,0,0,0,0,0,0,0,0,0,0,0,0,0,0,0,0,0,0,0,0,0,0,0,0,0,0,0,0,0,0,0,0,0,0,0,0,0,0,0,0,0,0,0,0,0,0,0,0,0,0,0,0,0,0,0,0,0,0,0,0,0,0,0,0,0,0,0,0,0,0,0,0,0,0,0,0,0,0,0,0,0,0,0,0,0,0,0,0,0,0,0,0,0,0,0,1
